"","userId","group","blockNo","trialNo","plant1","plant2","plant3","plant4","plant5","CFplant1","CFplant2","CFplant3","CFplant4","CFplant5","shubNoOld","shubNoNew"
"1","XYHV","C",1,1,5,0,3,5,3,5,0,3,5,3,15,17
"2","XYHV","C",1,2,0,5,5,4,5,0,5,4,3,4,17,19
"3","XYHV","C",1,3,4,2,2,5,0,3,2,2,4,1,19,21
"4","XYHV","C",2,4,3,2,5,2,1,3,1,4,2,0,21,24
"5","XYHV","C",2,5,2,5,0,5,2,1,5,0,5,2,24,26
"6","XYHV","C",2,6,0,3,2,3,4,0,3,1,2,3,26,28
"7","XYHV","C",3,7,3,2,0,4,2,3,1,0,3,2,28,30
"8","XYHV","C",3,8,4,3,0,0,3,4,3,0,1,2,30,33
"9","XYHV","C",3,9,1,0,0,1,2,0,1,1,0,1,33,35
"10","XYHV","C",4,10,4,5,5,4,1,3,4,5,3,0,35,37
"11","XYHV","C",4,11,2,3,3,2,1,1,2,3,1,0,37,39
"12","XYHV","C",4,12,3,4,0,0,0,2,4,1,1,0,39,42
"13","XYHV","C",5,13,0,5,2,3,4,1,5,1,2,4,42,44
"14","XYHV","C",5,14,1,2,2,4,4,0,1,1,3,4,44,46
"15","XYHV","C",5,15,1,0,1,0,4,0,0,0,1,3,46,48
"16","QNTD","P",1,1,5,2,4,2,4,4,2,4,2,4,15,15
"17","QNTD","P",1,2,0,2,1,5,2,0,1,0,4,2,15,15
"18","QNTD","P",1,3,1,3,4,3,3,1,2,4,2,3,15,16
"19","QNTD","P",2,4,4,4,4,0,3,4,3,3,0,3,16,16
"20","QNTD","P",2,5,1,1,3,1,1,0,0,3,1,0,16,17
"21","QNTD","P",2,6,5,5,0,1,1,5,4,1,1,0,17,17
"22","QNTD","P",3,7,0,0,3,3,2,1,0,2,3,1,17,18
"23","QNTD","P",3,8,2,1,4,5,3,2,1,4,4,3,18,18
"24","QNTD","P",3,9,1,1,2,4,3,1,1,1,3,3,18,18
"25","QNTD","P",4,10,0,5,4,3,4,1,5,3,3,4,18,19
"26","QNTD","P",4,11,2,3,0,2,4,1,3,1,2,3,19,19
"27","QNTD","P",4,12,2,1,1,4,3,1,0,1,3,3,19,20
"28","QNTD","P",5,13,0,3,4,1,5,0,2,4,1,4,20,20
"29","QNTD","P",5,14,5,0,2,1,3,4,0,2,0,2,20,21
"30","QNTD","P",5,15,5,2,2,3,3,5,1,2,3,3,21,21
"31","RSLS","C",1,1,5,0,4,0,5,5,1,4,0,4,15,16
"32","RSLS","C",1,2,1,0,5,1,4,0,1,5,0,3,16,18
"33","RSLS","C",1,3,0,2,5,1,1,1,1,5,1,0,18,20
"34","RSLS","C",2,4,0,3,5,1,4,0,3,5,0,4,20,22
"35","RSLS","C",2,5,2,2,5,4,4,1,2,4,3,4,22,23
"36","RSLS","C",2,6,3,3,3,5,2,2,3,2,5,1,23,25
"37","RSLS","C",3,7,5,2,3,4,3,4,1,3,4,3,25,27
"38","RSLS","C",3,8,3,5,0,2,2,3,5,1,1,2,27,29
"39","RSLS","C",3,9,2,5,2,3,1,1,4,1,3,1,29,30
"40","RSLS","C",4,10,0,0,3,0,4,1,0,3,0,4,30,32
"41","RSLS","C",4,11,5,3,4,2,2,5,3,3,1,2,32,34
"42","RSLS","C",4,12,2,0,2,0,4,1,1,1,1,3,34,36
"43","RSLS","C",5,13,2,2,2,3,2,1,1,1,3,1,36,37
"44","RSLS","C",5,14,3,3,1,1,1,2,2,1,1,1,37,39
"45","RSLS","C",5,15,4,1,0,1,4,3,0,1,0,3,39,41
"46","YGMY","P",1,1,1,0,3,1,4,0,0,2,0,4,15,17
"47","YGMY","P",1,2,3,0,4,4,3,2,1,3,3,2,17,20
"48","YGMY","P",1,3,5,5,2,2,5,4,5,2,1,4,20,23
"49","YGMY","P",2,4,5,0,4,0,0,5,0,3,0,1,23,26
"50","YGMY","P",2,5,0,5,3,0,3,0,4,2,1,2,26,29
"51","YGMY","P",2,6,4,3,5,5,5,4,3,5,5,4,29,32
"52","YGMY","P",3,7,1,3,2,4,3,0,2,2,3,2,32,35
"53","YGMY","P",3,8,0,3,5,0,0,0,2,4,1,0,35,38
"54","YGMY","P",3,9,4,1,4,0,4,4,1,4,0,3,38,41
"55","YGMY","P",4,10,1,5,5,5,4,0,4,5,4,3,41,43
"56","YGMY","P",4,11,4,3,2,4,5,3,3,2,3,4,43,46
"57","YGMY","P",4,12,3,3,4,1,1,3,3,3,0,0,46,49
"58","YGMY","P",5,13,3,3,1,3,1,2,3,0,2,1,49,52
"59","YGMY","P",5,14,0,4,2,5,5,0,4,2,4,5,52,55
"60","YGMY","P",5,15,1,4,4,5,5,1,3,4,5,5,55,58
"61","ZDMO","C",1,1,0,3,2,0,3,1,3,2,1,3,15,14
"62","ZDMO","C",1,2,5,1,5,4,4,4,1,4,3,4,14,14
"63","ZDMO","C",1,3,0,1,2,2,5,0,1,1,1,5,14,13
"64","ZDMO","C",2,4,0,2,0,5,4,0,2,0,4,3,13,13
"65","ZDMO","C",2,5,2,3,1,3,2,1,2,0,2,2,13,12
"66","ZDMO","C",2,6,4,3,0,3,5,4,3,0,3,4,12,12
"67","ZDMO","C",3,7,5,3,2,0,0,4,2,1,0,1,12,11
"68","ZDMO","C",3,8,1,4,0,3,2,0,3,0,3,1,11,11
"69","ZDMO","C",3,9,2,1,4,1,2,2,1,3,0,2,11,10
"70","ZDMO","C",4,10,3,2,4,0,1,3,2,3,0,1,10,10
"71","ZDMO","C",4,11,3,2,3,4,3,3,1,2,4,2,10,10
"72","ZDMO","C",4,12,0,1,5,2,3,1,1,5,2,3,10,9
"73","ZDMO","C",5,13,2,5,0,4,5,2,5,1,4,5,9,9
"74","ZDMO","C",5,14,5,4,1,0,2,4,4,1,1,1,9,8
"75","ZDMO","C",5,15,1,0,5,0,0,0,0,5,1,0,8,8
"76","XDZY","P",1,1,4,2,5,5,4,3,1,5,4,3,15,17
"77","XDZY","P",1,2,5,5,5,0,2,5,4,4,1,2,17,19
"78","XDZY","P",1,3,0,0,4,2,4,1,1,3,1,4,19,21
"79","XDZY","P",2,4,0,2,5,3,1,0,2,4,3,0,21,23
"80","XDZY","P",2,5,0,0,4,0,0,0,0,3,0,1,23,26
"81","XDZY","P",2,6,2,5,0,5,5,2,4,0,4,4,26,28
"82","XDZY","P",3,7,5,4,3,3,0,4,3,3,3,0,28,30
"83","XDZY","P",3,8,2,1,2,4,0,1,1,2,4,1,30,32
"84","XDZY","P",3,9,4,3,4,3,3,3,2,3,2,3,32,35
"85","XDZY","P",4,10,4,2,2,0,5,4,1,1,0,5,35,37
"86","XDZY","P",4,11,0,3,4,4,0,0,3,4,3,0,37,39
"87","XDZY","P",4,12,5,3,1,1,5,4,2,1,1,4,39,41
"88","XDZY","P",5,13,3,5,1,5,2,3,4,0,4,2,41,44
"89","XDZY","P",5,14,4,2,1,0,2,4,2,1,1,2,44,46
"90","XDZY","P",5,15,0,5,1,3,0,0,4,0,2,0,46,48
"91","CNKX","C",1,1,5,4,1,4,4,4,4,1,4,4,15,18
"92","CNKX","C",1,2,0,4,1,5,4,0,4,1,4,3,18,22
"93","CNKX","C",1,3,4,2,0,1,4,3,1,1,0,3,22,25
"94","CNKX","C",2,4,3,0,0,2,4,3,0,1,1,3,25,29
"95","CNKX","C",2,5,1,5,1,2,1,0,5,1,2,0,29,32
"96","CNKX","C",2,6,3,2,3,2,0,2,1,3,1,0,32,36
"97","CNKX","C",3,7,3,3,2,4,1,3,3,2,3,1,36,39
"98","CNKX","C",3,8,0,0,5,4,3,0,0,4,4,3,39,43
"99","CNKX","C",3,9,5,4,3,2,0,5,3,2,2,1,43,47
"100","CNKX","C",4,10,3,5,3,4,1,2,4,3,4,1,47,50
"101","CNKX","C",4,11,0,0,4,1,5,0,0,4,0,5,50,54
"102","CNKX","C",4,12,4,1,1,1,5,3,0,0,0,5,54,57
"103","CNKX","C",5,13,3,1,4,3,5,2,1,3,2,4,57,61
"104","CNKX","C",5,14,0,0,3,5,0,0,0,3,5,1,61,64
"105","CNKX","C",5,15,2,5,1,0,5,1,4,1,0,4,64,68
"106","LVTV","P",1,1,3,2,2,1,3,2,2,2,0,2,15,18
"107","LVTV","P",1,2,4,4,3,5,2,4,4,2,5,2,18,22
"108","LVTV","P",1,3,2,1,5,1,3,1,0,4,0,2,22,26
"109","LVTV","P",2,4,4,2,5,0,1,4,1,5,1,1,26,29
"110","LVTV","P",2,5,5,4,1,3,0,5,3,1,3,1,29,33
"111","LVTV","P",2,6,3,2,1,5,0,2,2,1,4,1,33,37
"112","LVTV","P",3,7,2,2,3,3,3,1,1,2,3,3,37,40
"113","LVTV","P",3,8,5,4,4,4,1,5,3,4,4,1,40,44
"114","LVTV","P",3,9,4,5,1,3,0,4,5,0,2,1,44,48
"115","LVTV","P",4,10,0,2,1,1,1,1,1,1,0,1,48,51
"116","LVTV","P",4,11,0,4,0,2,3,1,3,0,2,3,51,55
"117","LVTV","P",4,12,4,3,5,3,0,4,3,4,2,0,55,59
"118","LVTV","P",5,13,4,0,0,1,5,4,0,0,0,5,59,62
"119","LVTV","P",5,14,0,0,4,2,3,0,0,3,2,3,62,66
"120","LVTV","P",5,15,5,0,3,2,4,4,0,2,1,3,66,70
"121","KRAV","C",1,1,4,5,1,5,1,4,4,0,4,0,15,14
"122","KRAV","C",1,2,5,2,1,2,4,5,1,0,2,3,14,14
"123","KRAV","C",1,3,3,4,5,5,4,2,4,5,4,4,14,14
"124","KRAV","C",2,4,2,1,4,3,0,1,1,3,2,1,14,14
"125","KRAV","C",2,5,4,4,5,4,1,4,4,5,4,0,14,14
"126","KRAV","C",2,6,4,2,3,3,3,4,1,2,3,3,14,14
"127","KRAV","C",3,7,3,0,4,2,5,3,0,3,1,4,14,14
"128","KRAV","C",3,8,4,3,5,4,0,3,2,5,3,1,14,14
"129","KRAV","C",3,9,0,2,0,3,5,1,1,0,2,4,14,14
"130","KRAV","C",4,10,2,1,2,1,2,2,0,2,0,2,14,14
"131","KRAV","C",4,11,0,2,3,1,5,1,1,3,1,4,14,13
"132","KRAV","C",4,12,4,0,1,2,2,4,0,1,1,1,13,13
"133","KRAV","C",5,13,4,0,5,1,2,4,0,4,0,2,13,13
"134","KRAV","C",5,14,0,5,5,5,2,1,5,5,5,2,13,13
"135","KRAV","C",5,15,2,4,2,2,4,1,3,1,1,4,13,13
"136","AFXP","P",1,1,3,5,4,3,1,2,5,4,3,0,15,16
"137","AFXP","P",1,2,1,5,1,5,0,0,5,1,4,0,16,17
"138","AFXP","P",1,3,0,5,3,0,0,1,4,3,1,1,17,19
"139","AFXP","P",2,4,2,1,2,1,0,1,1,2,0,1,19,20
"140","AFXP","P",2,5,3,4,1,4,3,3,4,1,3,2,20,22
"141","AFXP","P",2,6,1,2,0,3,1,0,1,0,3,1,22,23
"142","AFXP","P",3,7,5,2,2,3,3,4,1,1,2,2,23,25
"143","AFXP","P",3,8,2,5,0,5,5,2,5,1,5,4,25,26
"144","AFXP","P",3,9,4,3,5,0,2,3,3,5,1,2,26,28
"145","AFXP","P",4,10,1,0,2,3,2,1,0,1,3,1,28,29
"146","AFXP","P",4,11,1,0,1,1,2,1,1,1,0,2,29,30
"147","AFXP","P",4,12,0,4,4,4,4,1,4,3,4,4,30,32
"148","AFXP","P",5,13,1,4,4,3,3,0,3,3,3,3,32,33
"149","AFXP","P",5,14,2,2,3,1,2,2,2,2,0,1,33,35
"150","AFXP","P",5,15,0,0,4,3,0,1,1,3,3,1,35,36
"151","JLAZ","C",1,1,5,2,4,3,2,4,1,3,2,1,15,18
"152","JLAZ","C",1,2,0,0,4,2,0,0,1,3,1,0,18,22
"153","JLAZ","C",1,3,5,1,0,0,3,5,0,0,0,2,22,25
"154","JLAZ","C",2,4,4,5,3,2,1,4,5,3,2,1,25,29
"155","JLAZ","C",2,5,3,5,5,1,2,3,4,5,1,2,29,33
"156","JLAZ","C",2,6,5,5,2,2,2,4,5,1,1,2,33,36
"157","JLAZ","C",3,7,2,0,5,0,5,2,0,4,1,5,36,40
"158","JLAZ","C",3,8,3,3,4,5,4,3,3,4,4,3,40,44
"159","JLAZ","C",3,9,4,4,4,1,0,3,3,4,1,0,44,47
"160","JLAZ","C",4,10,0,5,1,4,3,1,5,0,4,2,47,51
"161","JLAZ","C",4,11,3,5,2,3,3,3,5,2,2,3,51,55
"162","JLAZ","C",4,12,2,0,4,0,0,1,0,4,0,0,55,58
"163","JLAZ","C",5,13,1,0,4,2,2,1,1,3,2,2,58,62
"164","JLAZ","C",5,14,2,4,2,0,2,1,4,2,1,1,62,65
"165","JLAZ","C",5,15,0,0,1,0,2,1,1,1,0,2,65,69
"166","LYXQ","P",1,1,1,2,4,3,1,1,1,3,2,0,15,16
"167","LYXQ","P",1,2,0,4,1,0,1,0,4,0,0,0,16,17
"168","LYXQ","P",1,3,2,0,0,0,4,2,1,0,1,3,17,19
"169","LYXQ","P",2,4,3,1,0,0,4,3,0,0,0,3,19,20
"170","LYXQ","P",2,5,2,2,2,0,2,1,2,2,0,1,20,21
"171","LYXQ","P",2,6,0,1,3,3,0,1,0,3,3,1,21,23
"172","LYXQ","P",3,7,4,2,4,3,4,3,2,3,2,3,23,24
"173","LYXQ","P",3,8,5,1,0,3,4,5,0,0,3,4,24,25
"174","LYXQ","P",3,9,5,0,5,2,4,4,1,5,1,3,25,27
"175","LYXQ","P",4,10,0,2,2,0,0,1,1,1,0,0,27,28
"176","LYXQ","P",4,11,0,3,3,3,0,1,2,3,2,1,28,30
"177","LYXQ","P",4,12,2,4,4,0,5,1,3,3,0,4,30,31
"178","LYXQ","P",5,13,5,3,2,1,5,4,2,1,1,4,31,32
"179","LYXQ","P",5,14,2,1,4,2,4,1,0,4,1,4,32,34
"180","LYXQ","P",5,15,5,5,4,1,2,4,4,4,1,2,34,35
"181","ZQIJ","C",1,1,2,3,5,1,3,1,3,4,0,2,15,15
"182","ZQIJ","C",1,2,0,5,3,3,5,1,4,3,2,5,15,16
"183","ZQIJ","C",1,3,3,4,4,0,0,2,4,4,1,0,16,16
"184","ZQIJ","C",2,4,1,4,5,3,4,0,3,4,3,4,16,17
"185","ZQIJ","C",2,5,4,0,1,5,2,4,1,1,4,1,17,17
"186","ZQIJ","C",2,6,4,4,5,2,4,4,3,4,1,4,17,18
"187","ZQIJ","C",3,7,2,1,4,2,1,1,0,4,1,0,18,18
"188","ZQIJ","C",3,8,2,0,3,1,3,1,0,2,1,2,18,19
"189","ZQIJ","C",3,9,2,4,3,2,5,1,4,3,1,5,19,19
"190","ZQIJ","C",4,10,5,5,5,3,0,4,4,5,3,0,19,20
"191","ZQIJ","C",4,11,3,2,0,4,0,2,1,1,4,1,20,20
"192","ZQIJ","C",4,12,4,0,4,3,4,3,0,3,2,3,20,21
"193","ZQIJ","C",5,13,1,0,2,3,0,0,0,2,3,1,21,21
"194","ZQIJ","C",5,14,0,2,4,5,4,0,1,4,4,3,21,22
"195","ZQIJ","C",5,15,5,1,0,2,2,5,1,0,1,1,22,22
"196","KUBT","P",1,1,4,0,4,1,0,4,1,4,1,0,15,18
"197","KUBT","P",1,2,0,4,0,0,2,0,4,0,1,1,18,21
"198","KUBT","P",1,3,0,1,1,4,0,1,0,1,3,1,21,25
"199","KUBT","P",2,4,5,2,1,5,1,4,2,1,5,0,25,28
"200","KUBT","P",2,5,2,5,3,1,5,2,4,2,0,5,28,32
"201","KUBT","P",2,6,2,2,1,0,2,2,1,0,1,2,32,35
"202","KUBT","P",3,7,2,4,1,3,4,1,3,1,2,4,35,39
"203","KUBT","P",3,8,3,2,4,5,2,2,2,3,4,1,39,42
"204","KUBT","P",3,9,1,2,4,0,5,0,1,3,0,4,42,46
"205","KUBT","P",4,10,5,4,2,1,1,4,3,1,0,0,46,49
"206","KUBT","P",4,11,5,4,0,4,3,5,3,1,3,3,49,53
"207","KUBT","P",4,12,4,1,1,5,1,4,1,1,5,0,53,56
"208","KUBT","P",5,13,3,1,5,4,5,3,1,4,3,5,56,60
"209","KUBT","P",5,14,1,4,1,2,2,0,4,0,1,2,60,63
"210","KUBT","P",5,15,4,4,5,2,1,3,3,4,1,0,63,67
"211","REGN","C",1,1,5,4,1,1,5,4,3,0,0,4,15,16
"212","REGN","C",1,2,5,2,5,2,5,4,1,5,2,5,16,17
"213","REGN","C",1,3,0,0,3,3,5,0,1,3,3,4,17,18
"214","REGN","C",2,4,2,0,4,3,2,2,1,4,3,2,18,19
"215","REGN","C",2,5,4,2,4,5,5,3,2,3,5,5,19,20
"216","REGN","C",2,6,3,5,1,4,1,3,4,0,4,1,20,21
"217","REGN","C",3,7,1,1,2,0,3,1,1,1,1,2,21,22
"218","REGN","C",3,8,2,2,2,5,1,1,2,1,5,0,22,23
"219","REGN","C",3,9,0,3,2,2,0,0,3,2,1,0,23,24
"220","REGN","C",4,10,5,2,2,2,0,5,1,2,2,0,24,25
"221","REGN","C",4,11,0,0,4,3,4,0,1,4,3,3,25,26
"222","REGN","C",4,12,3,0,0,1,1,3,1,1,0,1,26,27
"223","REGN","C",5,13,3,5,1,3,5,3,4,1,3,5,27,28
"224","REGN","C",5,14,1,5,0,5,2,1,5,1,5,2,28,29
"225","REGN","C",5,15,5,5,2,3,2,5,4,1,2,1,29,30
"226","RZTO","P",1,1,4,0,5,1,2,3,0,4,1,2,15,19
"227","RZTO","P",1,2,3,1,2,2,2,2,1,2,1,1,19,24
"228","RZTO","P",1,3,0,3,1,3,1,1,3,0,3,1,24,29
"229","RZTO","P",2,4,5,1,1,0,5,4,0,1,1,4,29,33
"230","RZTO","P",2,5,3,5,4,5,3,2,4,4,4,3,33,38
"231","RZTO","P",2,6,4,1,1,5,3,4,0,1,4,2,38,43
"232","RZTO","P",3,7,0,5,0,0,5,1,5,0,1,5,43,47
"233","RZTO","P",3,8,1,2,2,0,5,1,2,2,0,4,47,52
"234","RZTO","P",3,9,4,5,5,5,0,4,5,4,4,1,52,57
"235","RZTO","P",4,10,4,1,1,5,2,4,0,0,5,2,57,61
"236","RZTO","P",4,11,3,5,2,4,4,3,5,2,3,4,61,66
"237","RZTO","P",4,12,3,3,2,0,0,3,3,1,1,0,66,71
"238","RZTO","P",5,13,2,3,5,1,2,2,3,4,0,2,71,75
"239","RZTO","P",5,14,3,0,0,0,5,2,0,0,1,4,75,80
"240","RZTO","P",5,15,0,2,0,1,3,1,2,0,0,2,80,85
"241","WEHV","C",1,1,5,3,3,3,3,4,2,2,3,2,15,16
"242","WEHV","C",1,2,2,0,0,3,0,2,1,1,2,0,16,17
"243","WEHV","C",1,3,4,3,1,5,2,4,3,0,4,1,17,19
"244","WEHV","C",2,4,5,3,1,5,0,5,3,1,4,0,19,20
"245","WEHV","C",2,5,1,0,4,4,0,1,0,4,3,1,20,22
"246","WEHV","C",2,6,4,4,0,4,4,4,3,1,4,4,22,23
"247","WEHV","C",3,7,3,3,3,0,4,3,3,3,1,3,23,25
"248","WEHV","C",3,8,4,0,5,1,1,4,1,5,1,1,25,26
"249","WEHV","C",3,9,1,3,1,1,4,1,3,0,1,4,26,27
"250","WEHV","C",4,10,4,4,4,1,4,3,4,3,1,3,27,29
"251","WEHV","C",4,11,4,2,2,1,3,4,2,1,0,2,29,30
"252","WEHV","C",4,12,4,1,2,1,0,3,0,2,0,0,30,32
"253","WEHV","C",5,13,1,2,4,0,5,0,2,3,1,4,32,33
"254","WEHV","C",5,14,0,3,1,4,4,0,3,0,4,3,33,35
"255","WEHV","C",5,15,4,3,4,5,0,3,2,4,4,1,35,36
"256","SGBD","P",1,1,0,3,3,5,2,0,2,3,5,1,15,18
"257","SGBD","P",1,2,3,3,4,5,3,2,2,4,5,2,18,21
"258","SGBD","P",1,3,1,2,2,2,5,1,1,2,2,5,21,24
"259","SGBD","P",2,4,2,1,3,0,2,2,1,2,0,1,24,28
"260","SGBD","P",2,5,5,0,3,3,1,4,0,3,3,0,28,31
"261","SGBD","P",2,6,4,5,0,4,4,4,4,0,4,4,31,34
"262","SGBD","P",3,7,4,3,4,3,5,4,2,3,2,5,34,37
"263","SGBD","P",3,8,4,2,3,0,4,4,2,2,0,4,37,41
"264","SGBD","P",3,9,1,0,2,5,5,0,0,2,5,5,41,44
"265","SGBD","P",4,10,2,2,0,5,2,1,1,1,4,2,44,47
"266","SGBD","P",4,11,3,1,5,0,1,3,0,5,0,0,47,50
"267","SGBD","P",4,12,5,4,3,3,0,4,4,3,3,1,50,54
"268","SGBD","P",5,13,3,4,5,2,2,2,3,4,2,2,54,57
"269","SGBD","P",5,14,5,5,1,2,3,5,4,1,2,3,57,60
"270","SGBD","P",5,15,2,5,4,4,1,1,5,3,4,1,60,63
"271","FMFS","C",1,1,1,1,2,4,5,1,0,1,3,4,15,14
"272","FMFS","C",1,2,4,4,5,1,3,4,4,4,0,3,14,14
"273","FMFS","C",1,3,1,0,0,5,0,0,0,0,4,1,14,13
"274","FMFS","C",2,4,2,1,4,1,3,2,1,4,1,2,13,13
"275","FMFS","C",2,5,4,1,2,5,1,3,1,1,4,0,13,13
"276","FMFS","C",2,6,4,3,4,5,0,3,3,3,4,1,13,12
"277","FMFS","C",3,7,1,0,5,2,4,0,1,4,2,3,12,12
"278","FMFS","C",3,8,4,3,1,3,4,3,2,0,3,3,12,11
"279","FMFS","C",3,9,1,0,5,4,0,1,1,5,4,1,11,11
"280","FMFS","C",4,10,2,3,4,1,5,1,2,3,1,5,11,11
"281","FMFS","C",4,11,4,3,0,0,0,4,2,1,0,0,11,10
"282","FMFS","C",4,12,2,2,4,3,5,2,2,3,2,4,10,10
"283","FMFS","C",5,13,1,2,0,3,0,0,1,1,2,1,10,9
"284","FMFS","C",5,14,1,0,0,1,0,1,1,1,0,0,9,9
"285","FMFS","C",5,15,0,4,0,4,1,0,4,0,4,1,9,9
"286","AJNA","P",1,1,3,4,5,0,2,2,3,4,0,1,15,18
"287","AJNA","P",1,2,4,2,0,4,3,4,2,0,3,3,18,21
"288","AJNA","P",1,3,3,1,2,4,1,3,1,2,4,0,21,24
"289","AJNA","P",2,4,0,3,5,1,5,1,2,5,0,5,24,27
"290","AJNA","P",2,5,3,0,0,5,3,2,0,1,4,3,27,30
"291","AJNA","P",2,6,0,1,5,2,4,0,0,5,1,4,30,33
"292","AJNA","P",3,7,1,3,3,5,3,0,2,2,4,2,33,36
"293","AJNA","P",3,8,0,1,2,1,1,0,1,1,0,0,36,39
"294","AJNA","P",3,9,4,2,5,0,1,3,2,5,0,0,39,42
"295","AJNA","P",4,10,4,4,5,4,1,3,4,4,3,0,42,45
"296","AJNA","P",4,11,0,2,2,0,2,0,1,2,0,2,45,48
"297","AJNA","P",4,12,3,4,5,2,0,3,3,5,2,1,48,51
"298","AJNA","P",5,13,2,0,3,5,5,1,0,2,5,5,51,55
"299","AJNA","P",5,14,4,0,4,2,1,4,1,3,1,1,55,58
"300","AJNA","P",5,15,2,1,5,4,2,2,0,5,4,1,58,61
"301","PEJQ","C",1,1,4,4,5,1,1,4,3,5,0,1,15,19
"302","PEJQ","C",1,2,5,4,2,0,2,5,4,2,0,2,19,24
"303","PEJQ","C",1,3,2,0,0,5,5,1,1,1,5,5,24,29
"304","PEJQ","C",2,4,0,4,1,1,4,0,4,0,1,3,29,33
"305","PEJQ","C",2,5,0,2,0,3,4,1,1,1,3,3,33,38
"306","PEJQ","C",2,6,5,1,3,0,3,4,1,2,1,2,38,43
"307","PEJQ","C",3,7,4,2,5,1,0,4,1,5,1,0,43,47
"308","PEJQ","C",3,8,5,0,5,3,4,4,1,5,3,3,47,52
"309","PEJQ","C",3,9,5,2,4,3,4,5,2,3,2,3,52,57
"310","PEJQ","C",4,10,2,0,3,3,4,1,1,2,2,3,57,62
"311","PEJQ","C",4,11,0,5,4,1,5,1,4,4,1,5,62,66
"312","PEJQ","C",4,12,4,3,4,3,2,4,2,3,3,1,66,71
"313","PEJQ","C",5,13,1,0,4,3,2,0,0,4,3,1,71,76
"314","PEJQ","C",5,14,1,5,5,2,2,0,5,4,1,2,76,80
"315","PEJQ","C",5,15,2,2,1,5,5,1,2,0,5,4,80,85
"316","UOGC","P",1,1,1,0,2,2,0,0,0,2,2,1,15,15
"317","UOGC","P",1,2,0,5,4,0,3,1,5,4,1,2,15,15
"318","UOGC","P",1,3,3,5,1,3,0,2,5,0,3,1,15,15
"319","UOGC","P",2,4,4,0,5,3,4,3,0,5,3,4,15,15
"320","UOGC","P",2,5,3,5,5,3,4,3,5,4,3,4,15,15
"321","UOGC","P",2,6,1,1,5,0,2,1,1,5,0,2,15,15
"322","UOGC","P",3,7,2,3,0,0,2,2,3,1,0,2,15,15
"323","UOGC","P",3,8,5,2,0,4,5,5,1,1,3,4,15,15
"324","UOGC","P",3,9,5,3,5,5,2,4,3,4,5,1,15,15
"325","UOGC","P",4,10,3,3,4,0,3,2,2,3,1,3,15,15
"326","UOGC","P",4,11,4,5,1,0,1,3,5,0,0,0,15,15
"327","UOGC","P",4,12,4,1,3,0,2,3,0,2,0,2,15,15
"328","UOGC","P",5,13,5,1,3,0,1,4,1,2,1,1,15,15
"329","UOGC","P",5,14,5,2,3,4,4,5,2,2,4,4,15,15
"330","UOGC","P",5,15,2,1,5,0,4,1,1,5,0,3,15,15
"331","CHRA","C",1,1,3,5,2,1,2,2,4,1,0,1,15,16
"332","CHRA","C",1,2,1,2,1,5,2,0,2,0,4,1,16,17
"333","CHRA","C",1,3,5,2,0,0,2,4,1,0,0,2,17,18
"334","CHRA","C",2,4,5,2,2,4,1,4,1,2,4,1,18,19
"335","CHRA","C",2,5,3,3,3,0,4,2,2,2,1,4,19,20
"336","CHRA","C",2,6,3,3,0,2,1,2,3,0,2,0,20,21
"337","CHRA","C",3,7,0,3,5,5,2,0,3,5,4,1,21,22
"338","CHRA","C",3,8,1,5,0,1,3,0,4,1,1,2,22,24
"339","CHRA","C",3,9,3,3,5,3,2,2,3,5,2,1,24,25
"340","CHRA","C",4,10,3,3,0,2,0,3,2,1,2,1,25,26
"341","CHRA","C",4,11,4,4,4,3,1,3,4,4,3,0,26,27
"342","CHRA","C",4,12,1,0,4,1,3,0,0,3,0,2,27,28
"343","CHRA","C",5,13,4,3,1,4,0,4,3,0,3,0,28,29
"344","CHRA","C",5,14,3,4,0,5,0,2,3,1,5,0,29,30
"345","CHRA","C",5,15,2,1,1,3,5,2,1,0,2,5,30,32
"346","FYYT","P",1,1,5,5,3,4,1,4,5,2,3,0,15,20
"347","FYYT","P",1,2,0,2,1,0,1,1,2,1,1,1,20,25
"348","FYYT","P",1,3,1,0,3,0,0,0,0,3,0,0,25,30
"349","FYYT","P",2,4,4,1,4,3,2,3,1,4,2,2,30,35
"350","FYYT","P",2,5,3,5,2,0,5,2,5,1,1,4,35,41
"351","FYYT","P",2,6,1,3,2,0,3,0,3,2,1,2,41,46
"352","FYYT","P",3,7,4,4,4,4,4,3,3,4,4,3,46,51
"353","FYYT","P",3,8,0,2,5,1,1,0,2,4,1,0,51,56
"354","FYYT","P",3,9,1,4,3,0,3,1,4,3,0,3,56,62
"355","FYYT","P",4,10,4,2,2,0,0,4,2,2,0,1,62,67
"356","FYYT","P",4,11,0,1,2,3,4,0,1,1,2,3,67,72
"357","FYYT","P",4,12,0,0,3,3,4,1,0,2,2,4,72,77
"358","FYYT","P",5,13,2,4,3,1,5,2,3,2,0,4,77,83
"359","FYYT","P",5,14,3,2,2,5,4,3,2,1,5,3,83,88
"360","FYYT","P",5,15,1,4,0,2,0,1,3,0,1,1,88,93
"361","INTQ","C",1,1,3,0,1,4,2,2,1,1,4,2,15,19
"362","INTQ","C",1,2,4,3,5,3,1,4,3,5,2,1,19,23
"363","INTQ","C",1,3,0,2,4,5,1,0,1,4,4,0,23,28
"364","INTQ","C",2,4,2,5,3,5,4,2,4,3,4,4,28,32
"365","INTQ","C",2,5,5,4,1,2,1,4,4,0,2,1,32,37
"366","INTQ","C",2,6,2,4,3,3,1,2,3,3,2,1,37,41
"367","INTQ","C",3,7,1,3,3,1,5,0,2,2,1,4,41,46
"368","INTQ","C",3,8,0,2,2,3,3,1,2,2,2,3,46,50
"369","INTQ","C",3,9,5,4,2,4,2,5,4,1,4,1,50,55
"370","INTQ","C",4,10,0,5,1,4,4,0,4,0,3,3,55,59
"371","INTQ","C",4,11,1,4,0,0,2,1,3,1,1,2,59,63
"372","INTQ","C",4,12,4,4,5,3,3,3,4,4,3,3,63,68
"373","INTQ","C",5,13,1,3,4,0,3,1,3,4,1,2,68,72
"374","INTQ","C",5,14,2,2,3,3,5,1,1,3,3,5,72,77
"375","INTQ","C",5,15,2,5,3,0,2,2,4,2,1,1,77,81
"376","QFFK","P",1,1,1,0,0,2,3,1,1,0,1,2,15,15
"377","QFFK","P",1,2,2,5,1,0,5,1,5,0,0,4,15,15
"378","QFFK","P",1,3,0,4,4,2,2,1,4,3,2,2,15,15
"379","QFFK","P",2,4,2,0,5,1,2,1,0,5,1,1,15,15
"380","QFFK","P",2,5,5,0,4,5,4,5,0,4,5,4,15,15
"381","QFFK","P",2,6,1,4,0,3,0,1,3,0,3,1,15,15
"382","QFFK","P",3,7,5,0,2,1,3,5,1,1,0,3,15,15
"383","QFFK","P",3,8,0,4,0,2,3,0,4,1,1,3,15,15
"384","QFFK","P",3,9,1,1,1,1,0,1,1,0,0,1,15,16
"385","QFFK","P",4,10,4,4,1,0,5,4,4,0,1,4,16,16
"386","QFFK","P",4,11,1,0,1,0,2,0,1,0,0,2,16,16
"387","QFFK","P",4,12,1,1,0,0,0,0,1,0,1,1,16,16
"388","QFFK","P",5,13,3,2,4,0,0,3,1,3,0,1,16,16
"389","QFFK","P",5,14,0,5,4,1,5,1,5,4,0,4,16,16
"390","QFFK","P",5,15,2,1,3,1,3,2,1,2,0,2,16,16
"391","YZTT","C",1,1,1,0,3,4,3,1,0,2,4,2,15,16
"392","YZTT","C",1,2,5,0,0,4,1,4,0,0,3,1,16,18
"393","YZTT","C",1,3,1,3,2,3,2,1,3,1,2,2,18,20
"394","YZTT","C",2,4,3,1,3,2,0,2,1,2,1,0,20,22
"395","YZTT","C",2,5,0,3,3,1,4,1,2,2,0,3,22,24
"396","YZTT","C",2,6,3,4,4,2,1,2,4,3,2,1,24,26
"397","YZTT","C",3,7,2,2,1,0,0,2,2,0,0,0,26,28
"398","YZTT","C",3,8,0,3,3,2,2,0,3,2,2,2,28,30
"399","YZTT","C",3,9,3,4,3,2,5,3,4,2,1,4,30,32
"400","YZTT","C",4,10,2,4,5,1,5,2,3,5,1,4,32,34
"401","YZTT","C",4,11,3,3,3,0,1,3,3,3,0,1,34,36
"402","YZTT","C",4,12,0,1,5,2,4,1,1,5,2,4,36,38
"403","YZTT","C",5,13,3,1,2,1,1,2,1,2,1,0,38,40
"404","YZTT","C",5,14,1,3,4,2,4,0,2,4,2,3,40,41
"405","YZTT","C",5,15,0,5,2,2,1,0,5,2,2,1,41,43
"406","NAPV","P",1,1,1,5,0,5,3,0,4,0,5,2,15,20
"407","NAPV","P",1,2,2,2,0,5,3,2,2,0,5,3,20,26
"408","NAPV","P",1,3,4,0,5,4,0,3,1,4,4,0,26,31
"409","NAPV","P",2,4,0,4,4,4,1,0,4,4,3,0,31,37
"410","NAPV","P",2,5,2,2,1,3,3,2,2,1,2,2,37,42
"411","NAPV","P",2,6,1,1,0,3,0,1,0,0,2,0,42,48
"412","NAPV","P",3,7,2,4,0,1,4,1,3,0,1,3,48,53
"413","NAPV","P",3,8,0,0,5,2,3,0,1,4,2,3,53,59
"414","NAPV","P",3,9,1,3,3,0,0,1,3,3,0,0,59,64
"415","NAPV","P",4,10,0,1,5,1,4,1,1,5,0,4,64,70
"416","NAPV","P",4,11,2,5,3,4,1,1,4,3,3,1,70,75
"417","NAPV","P",4,12,4,0,4,4,2,4,0,4,4,1,75,81
"418","NAPV","P",5,13,0,5,2,0,0,0,4,1,1,0,81,86
"419","NAPV","P",5,14,2,4,0,0,3,2,4,1,1,2,86,92
"420","NAPV","P",5,15,5,1,1,1,3,4,0,1,0,3,92,97
"421","TLNN","C",1,1,2,0,3,2,4,2,1,2,2,3,15,16
"422","TLNN","C",1,2,2,4,4,2,2,2,4,3,1,2,16,18
"423","TLNN","C",1,3,5,0,0,5,1,4,1,0,4,0,18,20
"424","TLNN","C",2,4,4,1,3,5,5,3,1,2,5,5,20,22
"425","TLNN","C",2,5,2,3,2,1,5,2,2,2,1,5,22,24
"426","TLNN","C",2,6,5,2,0,5,2,4,2,1,4,1,24,26
"427","TLNN","C",3,7,1,0,4,0,1,0,1,4,1,0,26,28
"428","TLNN","C",3,8,1,5,0,1,4,1,4,1,0,4,28,30
"429","TLNN","C",3,9,4,1,4,3,3,4,0,3,3,2,30,32
"430","TLNN","C",4,10,5,2,0,5,1,5,2,0,4,1,32,34
"431","TLNN","C",4,11,1,2,3,3,5,1,2,3,2,4,34,36
"432","TLNN","C",4,12,5,3,2,5,3,5,3,2,5,3,36,38
"433","TLNN","C",5,13,5,5,2,5,3,5,4,1,5,3,38,40
"434","TLNN","C",5,14,4,4,4,2,0,4,4,3,1,0,40,42
"435","TLNN","C",5,15,2,2,3,1,2,2,1,3,0,1,42,44
"436","AJPV","P",1,1,4,0,5,3,0,3,0,4,2,1,15,14
"437","AJPV","P",1,2,1,1,0,1,0,1,1,1,0,1,14,13
"438","AJPV","P",1,3,5,1,5,3,1,5,1,4,2,0,13,12
"439","AJPV","P",2,4,0,1,2,5,0,0,0,1,4,1,12,12
"440","AJPV","P",2,5,1,4,3,5,3,1,4,2,4,3,12,11
"441","AJPV","P",2,6,3,4,5,2,1,2,3,5,1,0,11,10
"442","AJPV","P",3,7,1,2,2,0,5,0,2,1,0,5,10,10
"443","AJPV","P",3,8,5,2,0,3,1,4,1,0,3,0,10,9
"444","AJPV","P",3,9,3,1,4,1,1,3,1,3,1,0,9,8
"445","AJPV","P",4,10,2,1,5,4,5,1,1,4,3,5,8,8
"446","AJPV","P",4,11,3,2,3,2,1,3,2,2,1,1,8,7
"447","AJPV","P",4,12,3,2,4,5,1,3,2,4,5,0,7,6
"448","AJPV","P",5,13,5,0,2,5,1,4,0,1,5,0,6,5
"449","AJPV","P",5,14,3,5,2,4,0,3,5,2,4,1,5,5
"450","AJPV","P",5,15,5,0,3,4,5,5,0,2,4,4,5,4
"451","JKOP","C",1,1,5,5,5,2,4,5,4,5,1,3,15,14
"452","JKOP","C",1,2,3,3,1,1,4,2,3,0,0,4,14,14
"453","JKOP","C",1,3,4,1,2,0,3,4,0,2,0,2,14,14
"454","JKOP","C",2,4,2,0,5,2,1,2,1,4,2,1,14,14
"455","JKOP","C",2,5,0,3,5,2,3,0,3,5,1,2,14,14
"456","JKOP","C",2,6,5,2,0,5,2,4,2,1,4,1,14,14
"457","JKOP","C",3,7,1,2,3,4,5,1,1,3,3,5,14,14
"458","JKOP","C",3,8,0,3,5,1,5,0,2,5,1,4,14,14
"459","JKOP","C",3,9,1,5,4,5,5,1,5,4,5,4,14,14
"460","JKOP","C",4,10,1,0,5,3,3,0,1,5,3,2,14,14
"461","JKOP","C",4,11,3,4,1,4,5,3,4,1,4,4,14,14
"462","JKOP","C",4,12,3,4,3,5,5,2,3,2,5,4,14,14
"463","JKOP","C",5,13,2,0,1,0,2,2,0,0,1,2,14,14
"464","JKOP","C",5,14,0,1,5,3,1,1,1,4,2,1,14,14
"465","JKOP","C",5,15,3,1,0,3,2,3,1,0,3,1,14,14
"466","SKXZ","P",1,1,3,3,2,3,2,2,2,2,2,2,15,14
"467","SKXZ","P",1,2,1,0,1,0,2,1,1,1,0,1,14,13
"468","SKXZ","P",1,3,1,0,5,0,1,1,0,5,1,1,13,13
"469","SKXZ","P",2,4,2,2,4,1,1,1,1,4,1,1,13,12
"470","SKXZ","P",2,5,1,2,5,4,2,0,2,4,4,1,12,12
"471","SKXZ","P",2,6,4,4,0,0,0,3,3,1,1,1,12,11
"472","SKXZ","P",3,7,1,5,0,5,5,1,5,0,5,5,11,11
"473","SKXZ","P",3,8,2,1,0,5,3,1,1,1,5,2,11,10
"474","SKXZ","P",3,9,5,4,0,3,2,4,4,0,2,1,10,10
"475","SKXZ","P",4,10,1,0,1,2,2,0,0,1,1,1,10,9
"476","SKXZ","P",4,11,2,1,4,2,0,2,0,4,2,0,9,8
"477","SKXZ","P",4,12,5,5,3,5,3,5,5,2,4,2,8,8
"478","SKXZ","P",5,13,1,4,0,1,0,0,4,0,1,1,8,7
"479","SKXZ","P",5,14,3,1,1,0,5,3,1,1,1,5,7,7
"480","SKXZ","P",5,15,4,5,5,2,5,3,4,5,1,4,7,6
"481","GSXP","C",1,1,1,4,5,1,1,1,3,4,0,1,15,18
"482","GSXP","C",1,2,5,2,4,5,1,5,2,3,4,0,18,22
"483","GSXP","C",1,3,5,3,3,4,5,4,3,3,3,5,22,26
"484","GSXP","C",2,4,3,5,4,3,0,2,4,3,2,1,26,30
"485","GSXP","C",2,5,0,4,2,1,1,0,3,1,0,1,30,33
"486","GSXP","C",2,6,3,4,3,5,4,3,3,3,5,4,33,37
"487","GSXP","C",3,7,0,5,0,5,4,1,4,0,4,3,37,41
"488","GSXP","C",3,8,5,2,3,4,1,4,2,2,4,0,41,45
"489","GSXP","C",3,9,0,5,1,1,0,1,5,0,1,0,45,48
"490","GSXP","C",4,10,3,5,5,2,5,2,5,5,1,5,48,52
"491","GSXP","C",4,11,4,5,4,0,3,4,5,4,1,2,52,56
"492","GSXP","C",4,12,1,0,3,1,2,0,0,2,1,2,56,60
"493","GSXP","C",5,13,1,3,2,2,1,1,2,1,1,1,60,63
"494","GSXP","C",5,14,2,2,4,3,5,1,2,3,3,5,63,67
"495","GSXP","C",5,15,2,3,5,2,1,2,2,5,2,0,67,71
"496","QYWP","P",1,1,3,5,3,4,2,3,5,3,3,2,15,20
"497","QYWP","P",1,2,3,1,0,2,0,2,0,0,1,1,20,25
"498","QYWP","P",1,3,4,4,5,0,0,3,4,5,0,1,25,31
"499","QYWP","P",2,4,1,0,3,1,2,0,0,2,0,2,31,36
"500","QYWP","P",2,5,0,4,1,1,4,1,3,1,1,3,36,41
"501","QYWP","P",2,6,0,1,1,1,4,1,0,1,0,4,41,47
"502","QYWP","P",3,7,5,5,0,3,0,5,4,1,3,0,47,52
"503","QYWP","P",3,8,0,2,5,1,2,1,1,4,0,1,52,58
"504","QYWP","P",3,9,5,3,2,0,2,4,2,2,1,1,58,63
"505","QYWP","P",4,10,2,0,3,2,2,1,0,2,1,1,63,68
"506","QYWP","P",4,11,4,4,0,2,0,4,3,0,2,1,68,74
"507","QYWP","P",4,12,3,4,0,0,2,2,3,0,0,2,74,79
"508","QYWP","P",5,13,1,4,0,4,4,1,4,0,3,3,79,85
"509","QYWP","P",5,14,0,1,0,5,4,0,0,1,4,4,85,90
"510","QYWP","P",5,15,2,1,2,1,5,1,0,2,0,4,90,95
"511","VCTQ","C",1,1,3,3,3,1,5,3,3,2,0,4,15,17
"512","VCTQ","C",1,2,0,4,0,1,2,0,4,0,1,1,17,20
"513","VCTQ","C",1,3,3,4,2,5,0,2,4,1,5,1,20,22
"514","VCTQ","C",2,4,0,4,4,5,4,1,4,3,5,3,22,25
"515","VCTQ","C",2,5,5,0,2,0,1,4,1,1,1,1,25,27
"516","VCTQ","C",2,6,0,1,2,2,3,0,0,2,2,3,27,30
"517","VCTQ","C",3,7,3,5,2,4,4,2,4,2,3,4,30,32
"518","VCTQ","C",3,8,1,0,0,1,5,1,1,1,1,4,32,35
"519","VCTQ","C",3,9,3,0,4,1,5,2,0,3,1,4,35,37
"520","VCTQ","C",4,10,5,2,4,0,0,4,1,4,0,1,37,40
"521","VCTQ","C",4,11,4,3,0,3,4,4,2,0,3,3,40,43
"522","VCTQ","C",4,12,2,3,2,4,0,2,2,1,4,1,43,45
"523","VCTQ","C",5,13,2,5,5,4,2,2,4,5,3,1,45,48
"524","VCTQ","C",5,14,4,1,4,2,4,4,1,3,2,3,48,50
"525","VCTQ","C",5,15,2,4,3,1,4,1,3,3,1,4,50,53
"526","DCMU","P",1,1,1,1,3,3,4,1,1,2,2,3,15,18
"527","DCMU","P",1,2,3,4,1,3,3,3,3,0,3,3,18,22
"528","DCMU","P",1,3,4,4,2,2,0,4,4,1,1,0,22,26
"529","DCMU","P",2,4,4,1,2,2,4,3,0,1,1,3,26,29
"530","DCMU","P",2,5,4,1,0,3,3,4,0,1,2,3,29,33
"531","DCMU","P",2,6,1,3,4,0,4,0,3,4,0,4,33,37
"532","DCMU","P",3,7,5,3,0,4,3,4,3,0,4,2,37,40
"533","DCMU","P",3,8,1,5,4,4,5,1,5,4,4,5,40,44
"534","DCMU","P",3,9,4,3,0,0,0,4,3,0,0,1,44,48
"535","DCMU","P",4,10,1,0,0,0,3,1,0,1,0,3,48,51
"536","DCMU","P",4,11,5,5,0,0,2,4,4,1,1,1,51,55
"537","DCMU","P",4,12,1,5,0,5,2,1,4,0,5,2,55,59
"538","DCMU","P",5,13,1,2,1,2,1,1,2,0,2,0,59,63
"539","DCMU","P",5,14,3,0,2,5,5,2,1,2,4,5,63,66
"540","DCMU","P",5,15,4,0,5,1,2,3,1,5,1,1,66,70
"541","TVEY","C",1,1,5,1,4,2,1,5,0,4,2,0,15,16
"542","TVEY","C",1,2,4,4,1,5,3,4,3,0,5,2,16,17
"543","TVEY","C",1,3,0,5,3,1,2,1,5,3,1,2,17,18
"544","TVEY","C",2,4,1,2,0,2,1,1,2,0,2,1,18,19
"545","TVEY","C",2,5,2,4,5,3,0,2,3,5,2,0,19,21
"546","TVEY","C",2,6,5,5,1,0,3,5,5,0,0,2,21,22
"547","TVEY","C",3,7,0,2,3,1,3,1,1,2,0,3,22,23
"548","TVEY","C",3,8,3,4,3,0,4,3,3,2,0,4,23,24
"549","TVEY","C",3,9,4,5,3,2,4,3,5,3,2,4,24,26
"550","TVEY","C",4,10,4,0,3,2,4,3,0,2,1,4,26,27
"551","TVEY","C",4,11,2,2,5,3,0,2,1,5,2,1,27,28
"552","TVEY","C",4,12,5,3,1,5,3,5,3,1,4,3,28,29
"553","TVEY","C",5,13,3,4,0,2,5,3,4,0,2,5,29,31
"554","TVEY","C",5,14,2,0,1,2,5,2,1,1,2,4,31,32
"555","TVEY","C",5,15,3,2,1,5,1,3,1,0,5,1,32,33
"556","HDSI","P",1,1,4,0,3,1,0,4,0,2,0,1,15,18
"557","HDSI","P",1,2,0,0,3,2,0,0,1,2,2,1,18,21
"558","HDSI","P",1,3,2,4,1,2,3,2,3,0,1,2,21,24
"559","HDSI","P",2,4,2,4,3,1,2,1,3,2,0,2,24,28
"560","HDSI","P",2,5,3,0,3,1,5,2,0,2,0,4,28,31
"561","HDSI","P",2,6,2,1,0,0,3,1,0,1,0,3,31,34
"562","HDSI","P",3,7,5,5,4,4,2,5,4,4,3,2,34,37
"563","HDSI","P",3,8,4,1,4,1,1,4,1,3,0,0,37,41
"564","HDSI","P",3,9,1,2,3,1,1,0,1,2,0,0,41,44
"565","HDSI","P",4,10,0,3,0,0,4,0,3,0,0,3,44,47
"566","HDSI","P",4,11,4,1,4,0,2,3,0,3,1,1,47,51
"567","HDSI","P",4,12,0,5,0,4,1,0,5,1,4,1,51,54
"568","HDSI","P",5,13,5,1,4,2,0,5,1,3,1,1,54,57
"569","HDSI","P",5,14,4,3,5,3,4,3,3,5,3,3,57,60
"570","HDSI","P",5,15,2,0,0,1,0,2,1,0,1,0,60,64
"571","UKRU","C",1,1,1,4,5,2,3,0,3,4,2,2,15,19
"572","UKRU","C",1,2,5,3,1,3,0,5,2,1,2,0,19,23
"573","UKRU","C",1,3,1,4,1,3,5,1,3,1,2,5,23,27
"574","UKRU","C",2,4,0,0,3,4,5,1,1,3,3,5,27,32
"575","UKRU","C",2,5,3,3,5,1,3,2,2,4,0,2,32,36
"576","UKRU","C",2,6,4,3,0,3,5,4,2,0,2,5,36,40
"577","UKRU","C",3,7,2,4,1,5,2,2,4,0,4,1,40,44
"578","UKRU","C",3,8,0,0,0,4,3,0,1,1,4,2,44,49
"579","UKRU","C",3,9,5,2,5,4,3,4,2,4,3,3,49,53
"580","UKRU","C",4,10,0,4,2,1,0,1,3,1,0,1,53,57
"581","UKRU","C",4,11,3,0,5,4,4,3,0,5,4,4,57,61
"582","UKRU","C",4,12,1,4,0,1,0,1,3,0,1,1,61,66
"583","UKRU","C",5,13,3,3,5,3,1,2,3,4,3,0,66,70
"584","UKRU","C",5,14,0,3,5,2,0,1,3,5,1,1,70,74
"585","UKRU","C",5,15,4,0,5,3,0,3,0,5,2,1,74,78
"586","EADR","P",1,1,1,0,5,3,0,1,0,5,3,1,15,20
"587","EADR","P",1,2,2,0,2,4,4,2,1,2,3,3,20,25
"588","EADR","P",1,3,1,0,1,1,2,0,0,0,0,2,25,31
"589","EADR","P",2,4,3,2,1,4,3,2,2,1,3,3,31,36
"590","EADR","P",2,5,2,5,3,2,0,1,4,3,2,1,36,42
"591","EADR","P",2,6,0,2,5,4,0,0,1,4,3,1,42,47
"592","EADR","P",3,7,4,5,1,4,0,3,4,1,3,0,47,53
"593","EADR","P",3,8,0,2,2,1,1,0,2,2,1,0,53,58
"594","EADR","P",3,9,1,2,1,4,3,1,1,1,3,3,58,64
"595","EADR","P",4,10,0,5,1,5,3,0,5,0,4,3,64,69
"596","EADR","P",4,11,3,4,2,4,4,3,3,1,4,4,69,75
"597","EADR","P",4,12,3,0,0,0,5,2,1,1,0,5,75,80
"598","EADR","P",5,13,0,0,4,3,1,0,0,3,2,0,80,85
"599","EADR","P",5,14,0,0,5,5,3,0,1,4,5,3,85,91
"600","EADR","P",5,15,3,4,3,5,5,3,4,3,4,5,91,96
"601","YOPF","C",1,1,4,4,4,2,2,4,3,4,2,2,15,18
"602","YOPF","C",1,2,3,1,3,4,2,2,1,3,4,2,18,21
"603","YOPF","C",1,3,4,3,5,3,1,3,3,4,2,0,21,25
"604","YOPF","C",2,4,0,1,1,2,2,1,0,1,1,1,25,28
"605","YOPF","C",2,5,3,2,1,2,1,3,2,0,2,1,28,31
"606","YOPF","C",2,6,4,3,3,5,2,4,2,2,5,1,31,35
"607","YOPF","C",3,7,2,2,3,1,1,2,2,2,1,1,35,38
"608","YOPF","C",3,8,5,4,3,2,2,5,4,3,2,2,38,41
"609","YOPF","C",3,9,0,0,0,1,4,1,0,0,0,4,41,45
"610","YOPF","C",4,10,3,1,4,3,3,2,1,3,3,2,45,48
"611","YOPF","C",4,11,2,1,3,5,1,2,1,3,4,1,48,51
"612","YOPF","C",4,12,2,1,1,2,0,2,0,0,2,1,51,55
"613","YOPF","C",5,13,1,4,1,5,3,0,4,1,4,3,55,58
"614","YOPF","C",5,14,5,5,3,0,3,4,5,3,1,2,58,62
"615","YOPF","C",5,15,4,3,3,0,2,3,3,3,0,2,62,65
"616","NELI","P",1,1,4,5,3,3,3,3,5,3,2,3,15,18
"617","NELI","P",1,2,5,0,2,3,3,4,1,2,3,2,18,22
"618","NELI","P",1,3,4,3,0,0,5,4,3,1,1,4,22,26
"619","NELI","P",2,4,4,4,5,1,5,3,4,4,0,5,26,30
"620","NELI","P",2,5,5,0,0,5,0,5,0,1,4,1,30,33
"621","NELI","P",2,6,0,4,3,3,4,1,3,3,2,4,33,37
"622","NELI","P",3,7,5,2,4,4,4,5,2,3,3,4,37,41
"623","NELI","P",3,8,5,2,2,3,2,4,2,2,2,2,41,45
"624","NELI","P",3,9,0,4,4,3,2,0,3,3,2,2,45,48
"625","NELI","P",4,10,5,2,0,1,0,4,1,1,0,1,48,52
"626","NELI","P",4,11,4,0,3,2,2,3,0,2,2,2,52,56
"627","NELI","P",4,12,3,5,1,3,4,2,4,1,3,4,56,60
"628","NELI","P",5,13,1,1,4,1,4,0,0,3,0,4,60,63
"629","NELI","P",5,14,0,3,1,5,3,0,3,0,5,2,63,67
"630","NELI","P",5,15,1,5,4,5,5,1,4,3,4,4,67,71
"631","DESK","C",1,1,1,5,5,0,0,0,4,5,1,0,15,17
"632","DESK","C",1,2,1,5,5,3,0,0,4,4,3,1,17,20
"633","DESK","C",1,3,2,2,4,2,5,2,2,4,2,4,20,22
"634","DESK","C",2,4,0,0,3,5,4,1,0,3,5,3,22,25
"635","DESK","C",2,5,4,5,1,3,4,4,5,1,3,3,25,27
"636","DESK","C",2,6,4,1,4,3,2,4,1,4,2,2,27,30
"637","DESK","C",3,7,0,2,3,3,1,1,1,3,3,0,30,32
"638","DESK","C",3,8,1,3,1,5,0,0,2,1,4,0,32,35
"639","DESK","C",3,9,5,4,3,3,5,5,3,2,3,5,35,38
"640","DESK","C",4,10,5,3,1,3,2,5,2,0,2,2,38,40
"641","DESK","C",4,11,0,2,3,3,0,1,1,2,3,1,40,43
"642","DESK","C",4,12,4,2,5,1,1,4,1,5,1,0,43,45
"643","DESK","C",5,13,2,0,2,2,4,2,1,1,1,3,45,48
"644","DESK","C",5,14,0,1,3,5,1,1,1,2,5,1,48,50
"645","DESK","C",5,15,2,5,5,3,1,1,5,4,3,1,50,53
"646","KMLD","P",1,1,1,4,0,5,4,0,4,1,5,3,15,16
"647","KMLD","P",1,2,1,5,5,2,3,1,4,5,1,2,16,17
"648","KMLD","P",1,3,5,4,2,1,4,4,4,2,0,4,17,19
"649","KMLD","P",2,4,2,2,0,4,0,1,1,1,3,1,19,20
"650","KMLD","P",2,5,1,3,1,3,2,0,3,1,2,1,20,22
"651","KMLD","P",2,6,4,5,5,4,2,3,4,4,3,1,22,23
"652","KMLD","P",3,7,0,3,0,1,4,0,2,0,0,4,23,24
"653","KMLD","P",3,8,1,2,1,2,1,0,2,0,2,1,24,26
"654","KMLD","P",3,9,5,1,2,2,5,5,0,2,1,5,26,27
"655","KMLD","P",4,10,0,4,3,5,4,0,4,3,4,4,27,29
"656","KMLD","P",4,11,4,2,4,0,4,4,2,3,0,3,29,30
"657","KMLD","P",4,12,3,0,5,3,4,3,0,5,3,3,30,31
"658","KMLD","P",5,13,2,4,4,5,4,1,3,3,4,3,31,33
"659","KMLD","P",5,14,2,3,4,4,4,1,2,3,4,3,33,34
"660","KMLD","P",5,15,5,0,3,4,3,5,0,2,4,3,34,36
"661","VPUT","C",1,1,2,1,2,3,3,1,1,1,2,3,15,17
"662","VPUT","C",1,2,5,3,5,0,2,4,2,5,1,1,17,19
"663","VPUT","C",1,3,4,0,3,1,2,3,1,3,1,1,19,22
"664","VPUT","C",2,4,4,0,3,2,3,3,0,2,2,3,22,24
"665","VPUT","C",2,5,2,4,5,4,2,2,4,4,4,2,24,27
"666","VPUT","C",2,6,0,5,0,3,2,1,5,0,2,2,27,29
"667","VPUT","C",3,7,4,5,5,0,5,3,4,5,1,4,29,32
"668","VPUT","C",3,8,2,1,5,1,0,2,0,4,1,0,32,34
"669","VPUT","C",3,9,0,1,3,0,4,0,1,2,0,4,34,37
"670","VPUT","C",4,10,3,1,1,2,0,2,1,1,2,0,37,39
"671","VPUT","C",4,11,0,1,2,4,2,1,1,1,4,2,39,41
"672","VPUT","C",4,12,1,1,2,2,0,1,1,1,2,1,41,44
"673","VPUT","C",5,13,3,0,5,5,5,2,1,5,4,4,44,46
"674","VPUT","C",5,14,1,4,3,3,1,0,3,3,2,0,46,49
"675","VPUT","C",5,15,2,1,3,0,4,1,1,3,1,3,49,51
"676","XWIG","P",1,1,1,2,1,0,3,1,1,1,1,3,15,18
"677","XWIG","P",1,2,4,4,3,5,2,3,3,3,4,2,18,21
"678","XWIG","P",1,3,0,1,1,2,2,0,1,1,1,1,21,24
"679","XWIG","P",2,4,0,4,5,0,0,1,3,5,0,0,24,27
"680","XWIG","P",2,5,5,0,3,1,3,5,1,2,1,3,27,30
"681","XWIG","P",2,6,4,4,1,1,3,4,3,0,0,3,30,33
"682","XWIG","P",3,7,4,5,0,2,2,4,4,0,1,2,33,36
"683","XWIG","P",3,8,1,4,1,0,4,0,3,1,0,4,36,39
"684","XWIG","P",3,9,0,4,3,1,0,1,4,2,1,0,39,42
"685","XWIG","P",4,10,0,1,2,2,1,1,0,2,1,0,42,45
"686","XWIG","P",4,11,2,3,4,3,5,2,3,4,3,5,45,49
"687","XWIG","P",4,12,2,2,3,3,0,2,1,2,3,1,49,52
"688","XWIG","P",5,13,0,1,3,0,4,0,1,3,1,3,52,55
"689","XWIG","P",5,14,3,4,0,3,0,3,4,1,3,0,55,58
"690","XWIG","P",5,15,4,0,4,3,2,4,0,3,3,1,58,61
"691","TTXU","C",1,1,0,2,2,2,1,0,1,2,1,1,15,19
"692","TTXU","C",1,2,2,1,4,4,2,1,1,3,4,1,19,24
"693","TTXU","C",1,3,1,1,4,2,5,1,0,4,2,5,24,29
"694","TTXU","C",2,4,5,3,4,0,4,5,2,4,0,3,29,34
"695","TTXU","C",2,5,0,0,3,3,4,0,1,3,3,4,34,39
"696","TTXU","C",2,6,5,1,5,5,4,4,1,5,5,4,39,43
"697","TTXU","C",3,7,5,5,3,0,1,5,4,3,0,0,43,48
"698","TTXU","C",3,8,0,0,1,4,0,1,0,1,4,1,48,53
"699","TTXU","C",3,9,4,0,0,1,0,3,1,0,1,0,53,58
"700","TTXU","C",4,10,1,5,3,5,5,0,4,2,4,5,58,63
"701","TTXU","C",4,11,0,3,3,5,0,0,2,2,5,0,63,68
"702","TTXU","C",4,12,0,0,2,3,3,1,1,1,2,2,68,72
"703","TTXU","C",5,13,4,5,2,0,1,3,4,1,0,0,72,77
"704","TTXU","C",5,14,2,0,4,5,1,2,1,3,4,0,77,82
"705","TTXU","C",5,15,2,4,3,4,4,2,4,3,4,3,82,87
"706","DHFU","P",1,1,3,0,1,4,1,3,1,1,3,0,15,20
"707","DHFU","P",1,2,0,2,4,5,0,0,2,4,4,1,20,26
"708","DHFU","P",1,3,0,1,1,3,4,0,0,0,2,4,26,31
"709","DHFU","P",2,4,3,4,5,5,3,2,3,5,5,3,31,37
"710","DHFU","P",2,5,4,4,3,2,5,3,4,2,1,4,37,43
"711","DHFU","P",2,6,2,5,2,2,5,2,4,1,1,4,43,48
"712","DHFU","P",3,7,4,0,2,0,5,4,0,2,0,4,48,54
"713","DHFU","P",3,8,4,3,1,4,0,3,2,0,3,1,54,60
"714","DHFU","P",3,9,5,2,1,4,1,4,2,0,4,1,60,65
"715","DHFU","P",4,10,2,1,2,3,2,2,0,1,3,2,65,71
"716","DHFU","P",4,11,0,2,3,3,1,0,2,3,3,0,71,77
"717","DHFU","P",4,12,5,5,4,1,0,5,5,4,1,0,77,82
"718","DHFU","P",5,13,1,5,4,5,0,0,5,4,5,1,82,88
"719","DHFU","P",5,14,1,5,2,4,4,1,5,2,4,3,88,94
"720","DHFU","P",5,15,4,4,2,4,4,3,4,1,4,4,94,99
"721","DDBB","C",1,1,3,0,2,3,3,3,1,2,3,2,15,17
"722","DDBB","C",1,2,3,1,1,1,1,2,1,1,0,0,17,19
"723","DDBB","C",1,3,3,4,2,2,3,3,4,2,1,2,19,21
"724","DDBB","C",2,4,1,4,4,1,3,1,3,4,1,3,21,23
"725","DDBB","C",2,5,3,3,5,1,3,3,3,5,1,3,23,25
"726","DDBB","C",2,6,2,0,0,5,3,2,0,0,5,3,25,27
"727","DDBB","C",3,7,3,4,1,2,3,3,4,1,1,3,27,29
"728","DDBB","C",3,8,4,0,2,4,0,4,0,2,4,0,29,31
"729","DDBB","C",3,9,2,4,2,4,3,1,3,2,3,2,31,34
"730","DDBB","C",4,10,0,4,2,1,3,0,3,2,1,2,34,36
"731","DDBB","C",4,11,2,2,0,2,0,1,2,0,2,1,36,38
"732","DDBB","C",4,12,3,3,5,1,1,2,2,5,0,1,38,40
"733","DDBB","C",5,13,5,4,5,0,5,4,4,5,0,4,40,42
"734","DDBB","C",5,14,0,0,0,0,1,0,1,0,0,0,42,44
"735","DDBB","C",5,15,4,0,1,3,5,4,1,1,3,4,44,46
"736","NCTT","P",1,1,0,4,3,4,4,0,4,3,3,4,15,17
"737","NCTT","P",1,2,1,0,4,2,2,0,1,3,2,1,17,19
"738","NCTT","P",1,3,5,1,3,3,0,5,1,2,2,1,19,22
"739","NCTT","P",2,4,5,4,3,4,2,4,4,3,3,1,22,24
"740","NCTT","P",2,5,0,2,3,5,5,0,2,3,4,5,24,27
"741","NCTT","P",2,6,3,3,2,0,0,3,2,1,1,1,27,29
"742","NCTT","P",3,7,0,5,5,5,1,0,4,4,4,0,29,31
"743","NCTT","P",3,8,1,2,2,0,3,1,1,1,1,2,31,34
"744","NCTT","P",3,9,1,1,1,0,2,0,1,0,0,2,34,36
"745","NCTT","P",4,10,3,0,1,1,0,2,0,1,1,0,36,39
"746","NCTT","P",4,11,0,2,2,2,3,0,1,1,2,3,39,41
"747","NCTT","P",4,12,2,1,5,1,2,1,0,4,0,1,41,44
"748","NCTT","P",5,13,3,1,4,1,2,2,0,4,1,1,44,46
"749","NCTT","P",5,14,3,3,4,4,0,3,2,4,3,1,46,48
"750","NCTT","P",5,15,1,3,2,3,1,1,2,2,2,0,48,51
"751","XNWL","C",1,1,0,1,3,0,1,0,0,3,0,0,15,20
"752","XNWL","C",1,2,4,4,2,5,4,3,3,2,4,4,20,26
"753","XNWL","C",1,3,1,3,0,0,2,1,2,1,0,2,26,31
"754","XNWL","C",2,4,3,4,2,2,5,2,3,1,1,5,31,37
"755","XNWL","C",2,5,5,3,1,2,4,4,3,0,1,3,37,42
"756","XNWL","C",2,6,1,2,4,3,3,1,2,3,2,3,42,48
"757","XNWL","C",3,7,4,2,4,1,5,4,2,4,1,5,48,53
"758","XNWL","C",3,8,1,1,3,5,0,0,0,3,5,1,53,59
"759","XNWL","C",3,9,1,3,0,2,2,1,2,0,2,1,59,64
"760","XNWL","C",4,10,3,0,1,1,3,2,0,0,0,3,64,70
"761","XNWL","C",4,11,1,2,1,0,2,1,2,1,0,1,70,75
"762","XNWL","C",4,12,1,5,1,2,2,1,5,0,1,1,75,81
"763","XNWL","C",5,13,5,2,4,1,2,5,1,3,1,1,81,86
"764","XNWL","C",5,14,1,5,2,0,5,1,5,2,0,4,86,92
"765","XNWL","C",5,15,5,2,3,1,1,4,1,2,1,0,92,97
"766","ELZM","P",1,1,5,4,0,0,1,5,3,1,0,0,15,17
"767","ELZM","P",1,2,1,4,1,0,2,1,4,0,0,1,17,20
"768","ELZM","P",1,3,2,1,3,0,2,1,0,3,0,1,20,23
"769","ELZM","P",2,4,0,4,5,3,4,0,4,4,3,3,23,26
"770","ELZM","P",2,5,5,4,0,5,5,4,3,1,5,4,26,29
"771","ELZM","P",2,6,5,5,0,1,5,4,4,0,1,4,29,32
"772","ELZM","P",3,7,3,5,3,1,3,3,5,3,1,3,32,35
"773","ELZM","P",3,8,3,0,5,1,5,3,1,4,0,5,35,38
"774","ELZM","P",3,9,4,3,5,5,5,4,2,5,5,4,38,41
"775","ELZM","P",4,10,3,1,4,5,2,2,0,4,4,2,41,43
"776","ELZM","P",4,11,0,2,5,4,0,0,2,4,4,1,43,46
"777","ELZM","P",4,12,3,4,0,4,4,3,3,0,4,3,46,49
"778","ELZM","P",5,13,2,0,3,3,1,2,0,2,3,1,49,52
"779","ELZM","P",5,14,5,5,3,1,1,4,5,2,1,0,52,55
"780","ELZM","P",5,15,2,5,0,3,1,1,4,0,2,0,55,58
"781","GGOQ","C",1,1,2,5,4,4,0,1,5,3,3,1,15,18
"782","GGOQ","C",1,2,0,3,5,3,2,1,2,5,3,2,18,22
"783","GGOQ","C",1,3,5,1,1,2,4,4,1,0,2,3,22,25
"784","GGOQ","C",2,4,1,3,5,4,0,1,2,5,4,1,25,29
"785","GGOQ","C",2,5,2,1,2,1,3,2,0,2,0,3,29,32
"786","GGOQ","C",2,6,2,5,2,3,1,2,5,2,2,1,32,36
"787","GGOQ","C",3,7,4,5,0,3,5,4,4,1,3,5,36,39
"788","GGOQ","C",3,8,3,2,5,0,0,3,2,5,1,1,39,43
"789","GGOQ","C",3,9,0,5,1,3,2,1,5,0,2,2,43,47
"790","GGOQ","C",4,10,2,1,4,3,4,1,1,4,3,3,47,50
"791","GGOQ","C",4,11,3,3,3,2,0,3,3,2,2,1,50,54
"792","GGOQ","C",4,12,4,2,0,4,2,3,1,0,4,1,54,57
"793","GGOQ","C",5,13,5,5,3,2,3,4,5,2,2,3,57,61
"794","GGOQ","C",5,14,4,0,1,3,3,4,0,0,3,2,61,64
"795","GGOQ","C",5,15,2,2,2,3,0,1,1,2,3,0,64,68
"796","IBLV","P",1,1,0,4,5,3,2,1,3,4,3,1,15,19
"797","IBLV","P",1,2,5,1,1,5,0,4,1,0,5,0,19,24
"798","IBLV","P",1,3,0,2,4,2,4,1,2,4,2,3,24,28
"799","IBLV","P",2,4,5,2,4,2,1,4,2,3,1,0,28,33
"800","IBLV","P",2,5,0,2,3,5,3,0,1,2,4,2,33,37
"801","IBLV","P",2,6,4,3,5,5,1,4,3,4,4,1,37,42
"802","IBLV","P",3,7,2,2,0,0,0,1,1,1,1,0,42,46
"803","IBLV","P",3,8,2,0,1,1,0,1,1,1,1,0,46,51
"804","IBLV","P",3,9,5,5,2,1,0,5,5,2,0,1,51,56
"805","IBLV","P",4,10,3,2,3,5,5,2,1,2,5,5,56,60
"806","IBLV","P",4,11,3,0,2,5,1,2,0,2,4,1,60,65
"807","IBLV","P",4,12,1,2,1,4,3,1,2,0,3,2,65,69
"808","IBLV","P",5,13,0,2,0,1,0,1,2,1,0,0,69,74
"809","IBLV","P",5,14,5,4,2,2,1,4,4,1,1,0,74,78
"810","IBLV","P",5,15,4,0,3,4,0,3,0,3,3,0,78,83
"811","OJOX","C",1,1,0,1,3,0,1,0,0,2,0,0,15,16
"812","OJOX","C",1,2,2,2,4,5,5,1,1,3,4,4,16,18
"813","OJOX","C",1,3,3,4,2,2,0,3,3,2,1,1,18,20
"814","OJOX","C",2,4,3,2,1,1,2,2,1,0,1,1,20,22
"815","OJOX","C",2,5,3,4,2,2,3,3,3,1,2,2,22,24
"816","OJOX","C",2,6,3,3,2,3,2,3,3,1,3,2,24,26
"817","OJOX","C",3,7,3,2,1,5,4,3,1,0,5,4,26,27
"818","OJOX","C",3,8,0,3,4,5,2,0,2,3,5,2,27,29
"819","OJOX","C",3,9,0,2,3,3,1,1,1,3,2,1,29,31
"820","OJOX","C",4,10,5,4,4,3,0,4,3,3,3,1,31,33
"821","OJOX","C",4,11,3,5,2,0,5,2,4,2,1,4,33,35
"822","OJOX","C",4,12,4,2,0,4,4,3,1,1,4,4,35,37
"823","OJOX","C",5,13,3,5,1,3,2,2,5,1,2,2,37,38
"824","OJOX","C",5,14,2,3,4,0,3,1,2,3,1,2,38,40
"825","OJOX","C",5,15,5,5,3,1,3,5,4,2,0,3,40,42
"826","MEOY","P",1,1,0,5,2,5,2,0,4,1,4,2,15,15
"827","MEOY","P",1,2,4,3,3,0,5,3,3,2,1,4,15,16
"828","MEOY","P",1,3,0,4,1,0,3,0,4,1,0,3,16,17
"829","MEOY","P",2,4,5,1,3,4,1,5,0,3,4,1,17,18
"830","MEOY","P",2,5,4,5,5,2,5,3,5,5,2,4,18,18
"831","MEOY","P",2,6,1,4,0,4,3,0,4,0,4,2,18,19
"832","MEOY","P",3,7,4,4,4,0,0,4,4,4,1,1,19,20
"833","MEOY","P",3,8,2,3,3,2,4,2,2,2,1,3,20,21
"834","MEOY","P",3,9,1,1,5,4,4,0,1,5,4,4,21,21
"835","MEOY","P",4,10,3,5,3,5,2,3,5,3,4,2,21,22
"836","MEOY","P",4,11,4,3,1,5,5,4,2,0,5,5,22,23
"837","MEOY","P",4,12,3,0,2,2,3,3,1,1,2,2,23,24
"838","MEOY","P",5,13,4,0,0,5,2,3,0,1,5,2,24,25
"839","MEOY","P",5,14,1,2,4,0,3,0,1,3,0,2,25,25
"840","MEOY","P",5,15,5,3,1,0,2,4,2,0,0,1,25,26
"841","IVHE","C",1,1,5,5,5,4,5,5,4,4,3,5,15,19
"842","IVHE","C",1,2,4,2,5,5,4,3,2,5,4,3,19,24
"843","IVHE","C",1,3,1,0,3,1,4,0,0,2,0,3,24,29
"844","IVHE","C",2,4,5,5,4,3,0,4,5,3,3,0,29,34
"845","IVHE","C",2,5,0,2,4,3,2,1,1,3,3,1,34,38
"846","IVHE","C",2,6,3,4,5,1,3,3,4,4,0,3,38,43
"847","IVHE","C",3,7,3,3,5,1,4,2,3,5,0,4,43,48
"848","IVHE","C",3,8,4,5,0,4,3,4,4,1,4,2,48,53
"849","IVHE","C",3,9,4,2,5,0,5,3,1,5,1,4,53,58
"850","IVHE","C",4,10,5,5,2,5,3,5,5,2,5,2,58,62
"851","IVHE","C",4,11,4,1,1,4,1,4,1,0,3,0,62,67
"852","IVHE","C",4,12,2,1,3,0,3,2,0,3,0,2,67,72
"853","IVHE","C",5,13,1,2,2,1,5,1,2,2,0,5,72,77
"854","IVHE","C",5,14,5,2,4,0,3,4,1,4,1,2,77,82
"855","IVHE","C",5,15,2,5,2,1,0,2,5,2,0,1,82,86
"856","BGJE","P",1,1,4,2,2,3,2,3,2,1,3,2,15,18
"857","BGJE","P",1,2,0,0,5,4,1,1,0,4,4,0,18,21
"858","BGJE","P",1,3,5,1,5,4,4,4,1,5,4,4,21,24
"859","BGJE","P",2,4,4,5,4,0,3,4,4,3,0,2,24,27
"860","BGJE","P",2,5,3,5,4,2,1,3,5,4,1,1,27,30
"861","BGJE","P",2,6,3,4,4,1,0,3,3,4,0,1,30,33
"862","BGJE","P",3,7,5,1,4,1,4,4,0,4,1,3,33,36
"863","BGJE","P",3,8,4,0,3,5,3,4,1,3,5,2,36,39
"864","BGJE","P",3,9,2,2,2,5,0,2,2,1,5,1,39,43
"865","BGJE","P",4,10,4,0,2,2,0,4,1,2,1,1,43,46
"866","BGJE","P",4,11,4,3,5,5,3,3,2,4,5,2,46,49
"867","BGJE","P",4,12,1,3,0,0,1,1,2,1,0,1,49,52
"868","BGJE","P",5,13,4,3,3,2,3,3,2,2,2,2,52,55
"869","BGJE","P",5,14,3,3,0,2,1,3,2,1,2,0,55,58
"870","BGJE","P",5,15,5,2,1,5,5,4,2,1,4,5,58,61
"871","HAZU","C",1,1,0,5,5,3,4,0,5,4,3,4,15,14
"872","HAZU","C",1,2,4,2,3,1,3,3,2,2,1,2,14,14
"873","HAZU","C",1,3,4,2,3,1,0,3,1,3,1,1,14,13
"874","HAZU","C",2,4,3,3,2,2,0,2,3,2,2,0,13,13
"875","HAZU","C",2,5,5,3,4,1,5,4,3,4,0,4,13,13
"876","HAZU","C",2,6,1,1,0,4,1,1,0,1,3,0,13,12
"877","HAZU","C",3,7,1,5,4,2,1,0,4,4,2,0,12,12
"878","HAZU","C",3,8,1,1,2,3,1,0,1,2,3,0,12,11
"879","HAZU","C",3,9,0,5,5,4,2,1,4,5,3,1,11,11
"880","HAZU","C",4,10,0,4,2,3,4,0,3,2,2,4,11,11
"881","HAZU","C",4,11,0,4,4,1,1,1,3,4,1,0,11,10
"882","HAZU","C",4,12,4,5,4,0,0,3,4,3,1,0,10,10
"883","HAZU","C",5,13,0,3,3,4,5,1,3,2,3,5,10,9
"884","HAZU","C",5,14,0,1,2,3,1,0,0,2,2,0,9,9
"885","HAZU","C",5,15,5,3,4,0,0,5,2,4,1,1,9,9
"886","CWOK","P",1,1,4,2,0,1,5,3,2,0,0,4,15,16
"887","CWOK","P",1,2,3,5,3,5,4,3,5,2,4,4,16,17
"888","CWOK","P",1,3,1,4,2,1,2,0,4,2,0,1,17,18
"889","CWOK","P",2,4,0,5,1,4,5,1,5,1,3,4,18,20
"890","CWOK","P",2,5,5,3,1,5,3,4,2,1,5,2,20,21
"891","CWOK","P",2,6,4,2,4,1,2,3,2,4,0,2,21,22
"892","CWOK","P",3,7,4,5,0,0,3,3,5,1,0,3,22,24
"893","CWOK","P",3,8,0,3,3,2,0,0,2,3,1,1,24,25
"894","CWOK","P",3,9,1,1,3,1,2,0,0,2,0,2,25,26
"895","CWOK","P",4,10,2,5,2,0,4,2,5,2,1,3,26,28
"896","CWOK","P",4,11,1,1,0,0,4,1,1,1,1,3,28,29
"897","CWOK","P",4,12,5,5,1,1,0,5,4,0,0,1,29,30
"898","CWOK","P",5,13,1,4,3,1,2,0,4,2,0,1,30,31
"899","CWOK","P",5,14,2,0,5,3,1,1,1,5,3,1,31,33
"900","CWOK","P",5,15,0,2,3,1,5,1,1,2,1,4,33,34
"901","BOBF","C",1,1,5,5,2,0,1,5,4,1,1,1,15,19
"902","BOBF","C",1,2,5,5,5,4,5,4,4,4,4,4,19,24
"903","BOBF","C",1,3,5,2,2,4,1,5,1,2,3,0,24,29
"904","BOBF","C",2,4,3,1,3,1,0,3,0,3,0,1,29,34
"905","BOBF","C",2,5,0,0,2,4,5,1,1,1,4,5,34,39
"906","BOBF","C",2,6,5,3,4,5,5,5,2,3,5,4,39,44
"907","BOBF","C",3,7,0,5,2,3,4,0,5,1,2,3,44,49
"908","BOBF","C",3,8,3,4,5,5,0,2,4,5,5,0,49,54
"909","BOBF","C",3,9,1,3,4,1,3,0,2,3,0,3,54,59
"910","BOBF","C",4,10,5,0,4,2,4,4,0,3,2,3,59,64
"911","BOBF","C",4,11,4,4,4,4,1,4,4,3,4,1,64,69
"912","BOBF","C",4,12,1,5,2,2,5,0,5,2,2,4,69,74
"913","BOBF","C",5,13,4,5,4,2,5,4,5,3,2,5,74,79
"914","BOBF","C",5,14,2,0,2,1,2,1,0,1,0,1,79,84
"915","BOBF","C",5,15,5,5,0,5,0,4,4,1,4,1,84,89
"916","OMED","P",1,1,0,1,3,5,2,0,1,3,5,1,15,20
"917","OMED","P",1,2,5,2,0,4,2,5,1,1,4,1,20,26
"918","OMED","P",1,3,5,5,4,2,5,4,5,4,1,5,26,31
"919","OMED","P",2,4,5,2,2,5,5,5,2,2,4,4,31,37
"920","OMED","P",2,5,3,5,3,0,0,3,4,2,0,1,37,43
"921","OMED","P",2,6,4,0,2,1,1,3,0,2,1,1,43,48
"922","OMED","P",3,7,5,1,0,2,1,5,1,0,2,0,48,54
"923","OMED","P",3,8,3,1,2,5,3,2,1,1,4,2,54,60
"924","OMED","P",3,9,2,0,4,3,2,1,0,4,2,1,60,65
"925","OMED","P",4,10,1,4,0,5,1,1,3,0,4,0,65,71
"926","OMED","P",4,11,5,0,1,0,3,5,0,1,0,2,71,77
"927","OMED","P",4,12,1,2,1,4,2,0,2,1,4,2,77,82
"928","OMED","P",5,13,5,5,3,4,0,4,4,2,3,0,82,88
"929","OMED","P",5,14,3,4,0,5,2,2,4,1,5,1,88,94
"930","OMED","P",5,15,0,5,0,5,2,0,4,1,5,2,94,99
"931","MYIE","C",1,1,5,4,5,5,2,4,4,4,5,1,15,14
"932","MYIE","C",1,2,0,1,5,2,4,0,1,4,2,4,14,13
"933","MYIE","C",1,3,5,3,4,5,4,5,3,4,4,4,13,12
"934","MYIE","C",2,4,3,0,5,2,3,3,0,5,2,3,12,12
"935","MYIE","C",2,5,0,2,2,5,4,1,1,2,4,3,12,11
"936","MYIE","C",2,6,2,5,3,0,2,1,5,3,1,1,11,10
"937","MYIE","C",3,7,1,0,0,1,4,0,1,1,0,3,10,9
"938","MYIE","C",3,8,3,4,2,1,3,3,3,2,1,3,9,9
"939","MYIE","C",3,9,5,3,2,4,4,4,3,2,4,4,9,8
"940","MYIE","C",4,10,3,1,0,5,1,3,0,1,5,0,8,7
"941","MYIE","C",4,11,0,0,4,5,5,1,0,4,5,5,7,7
"942","MYIE","C",4,12,2,2,3,2,2,2,2,2,2,2,7,6
"943","MYIE","C",5,13,0,4,4,0,3,0,4,3,1,3,6,5
"944","MYIE","C",5,14,0,5,4,2,0,0,4,4,1,0,5,4
"945","MYIE","C",5,15,4,4,4,5,4,3,4,3,5,3,4,4
"946","HNAU","P",1,1,1,5,2,0,5,0,5,1,0,4,15,17
"947","HNAU","P",1,2,5,3,5,0,2,4,2,5,0,1,17,20
"948","HNAU","P",1,3,0,0,4,4,3,0,1,4,3,2,20,22
"949","HNAU","P",2,4,5,0,0,0,2,5,0,0,1,2,22,25
"950","HNAU","P",2,5,2,3,5,3,3,2,2,5,3,3,25,27
"951","HNAU","P",2,6,4,1,0,2,4,3,0,0,1,3,27,30
"952","HNAU","P",3,7,4,5,0,2,0,3,4,0,2,0,30,32
"953","HNAU","P",3,8,4,1,2,0,2,4,0,1,1,1,32,35
"954","HNAU","P",3,9,5,4,4,1,0,5,4,3,0,0,35,38
"955","HNAU","P",4,10,4,3,3,1,2,4,3,3,0,2,38,40
"956","HNAU","P",4,11,1,4,5,0,3,0,3,5,1,2,40,43
"957","HNAU","P",4,12,2,5,1,4,3,1,5,1,3,2,43,45
"958","HNAU","P",5,13,4,1,0,0,1,4,1,1,1,1,45,48
"959","HNAU","P",5,14,0,1,5,3,5,1,0,5,3,5,48,50
"960","HNAU","P",5,15,0,4,5,2,4,0,3,5,1,4,50,53
"961","COOQ","C",1,1,4,0,0,5,0,3,1,0,5,1,15,19
"962","COOQ","C",1,2,1,5,0,0,5,1,4,1,1,5,19,24
"963","COOQ","C",1,3,2,2,0,3,1,2,2,1,3,1,24,28
"964","COOQ","C",2,4,3,0,4,2,0,2,0,4,2,1,28,33
"965","COOQ","C",2,5,5,1,5,0,3,5,1,5,0,3,33,37
"966","COOQ","C",2,6,0,0,3,2,2,1,0,3,1,1,37,42
"967","COOQ","C",3,7,1,0,4,0,3,0,0,3,1,2,42,46
"968","COOQ","C",3,8,4,5,1,4,5,4,5,1,4,4,46,51
"969","COOQ","C",3,9,0,1,0,3,0,0,0,1,2,0,51,56
"970","COOQ","C",4,10,2,5,0,2,4,2,5,1,1,4,56,60
"971","COOQ","C",4,11,5,2,4,2,1,5,1,3,2,1,60,65
"972","COOQ","C",4,12,1,5,5,4,5,0,5,4,4,5,65,69
"973","COOQ","C",5,13,3,0,3,4,0,2,0,3,3,0,69,74
"974","COOQ","C",5,14,1,5,3,0,1,1,5,3,1,0,74,78
"975","COOQ","C",5,15,5,4,0,3,2,5,4,1,3,2,78,83
"976","SDIY","P",1,1,3,3,1,3,5,2,2,1,3,5,15,19
"977","SDIY","P",1,2,4,4,3,0,5,4,4,2,1,5,19,23
"978","SDIY","P",1,3,3,3,5,4,0,2,3,4,4,1,23,28
"979","SDIY","P",2,4,5,2,4,1,2,4,1,4,0,1,28,32
"980","SDIY","P",2,5,4,5,5,4,2,3,4,5,3,2,32,36
"981","SDIY","P",2,6,4,0,0,5,2,4,0,1,4,1,36,41
"982","SDIY","P",3,7,0,0,2,3,1,0,1,1,2,0,41,45
"983","SDIY","P",3,8,1,4,4,1,5,1,3,4,0,4,45,50
"984","SDIY","P",3,9,1,5,4,0,5,1,5,4,0,5,50,54
"985","SDIY","P",4,10,2,1,0,0,1,1,0,0,1,0,54,58
"986","SDIY","P",4,11,1,2,3,2,2,0,1,2,1,1,58,63
"987","SDIY","P",4,12,5,1,4,4,3,4,1,4,4,2,63,67
"988","SDIY","P",5,13,4,5,2,0,2,3,5,2,1,1,67,71
"989","SDIY","P",5,14,5,3,0,3,2,5,2,0,3,2,71,76
"990","SDIY","P",5,15,4,2,2,1,1,4,1,2,1,1,76,80
"991","NDWF","C",1,1,4,0,2,1,1,4,0,1,1,1,15,20
"992","NDWF","C",1,2,5,5,2,3,3,4,4,1,3,2,20,25
"993","NDWF","C",1,3,0,2,0,2,4,1,1,1,1,4,25,30
"994","NDWF","C",2,4,4,2,1,4,4,3,1,1,3,4,30,35
"995","NDWF","C",2,5,5,1,4,3,1,5,1,3,3,1,35,40
"996","NDWF","C",2,6,1,2,2,3,0,0,2,2,3,1,40,45
"997","NDWF","C",3,7,0,3,2,1,4,0,2,1,1,4,45,50
"998","NDWF","C",3,8,1,4,5,1,2,1,3,5,0,1,50,55
"999","NDWF","C",3,9,1,1,4,3,2,0,0,3,2,2,55,60
"1000","NDWF","C",4,10,5,1,0,3,5,5,1,0,3,4,60,65
"1001","NDWF","C",4,11,5,1,4,1,2,4,1,3,1,2,65,70
"1002","NDWF","C",4,12,2,3,3,5,1,1,3,2,4,1,70,75
"1003","NDWF","C",5,13,4,1,2,2,1,3,1,1,2,0,75,80
"1004","NDWF","C",5,14,5,5,5,1,1,5,5,4,0,1,80,85
"1005","NDWF","C",5,15,5,3,2,4,2,4,2,1,4,1,85,90
"1006","YXDU","P",1,1,4,0,1,2,4,3,0,0,1,3,15,20
"1007","YXDU","P",1,2,3,5,3,2,3,2,4,2,1,3,20,25
"1008","YXDU","P",1,3,5,1,5,3,4,5,1,5,2,4,25,31
"1009","YXDU","P",2,4,0,1,4,0,0,0,1,3,0,0,31,36
"1010","YXDU","P",2,5,2,3,0,1,0,1,2,0,1,1,36,41
"1011","YXDU","P",2,6,1,3,2,2,0,0,2,1,1,1,41,47
"1012","YXDU","P",3,7,0,5,0,2,5,0,4,1,2,4,47,52
"1013","YXDU","P",3,8,3,1,3,0,3,2,1,2,1,3,52,58
"1014","YXDU","P",3,9,4,4,0,5,3,3,4,0,5,2,58,63
"1015","YXDU","P",4,10,0,0,4,1,0,0,1,4,0,1,63,68
"1016","YXDU","P",4,11,4,1,0,5,5,3,0,0,5,4,68,74
"1017","YXDU","P",4,12,1,5,4,1,5,0,5,3,0,4,74,79
"1018","YXDU","P",5,13,4,3,1,1,0,4,3,0,1,0,79,85
"1019","YXDU","P",5,14,4,1,5,5,0,3,1,5,4,0,85,90
"1020","YXDU","P",5,15,5,3,0,5,3,5,2,1,4,3,90,95
"1021","LDXI","C",1,1,2,5,0,4,1,1,5,0,3,0,15,14
"1022","LDXI","C",1,2,3,2,0,0,2,3,2,0,0,1,14,13
"1023","LDXI","C",1,3,2,1,3,4,2,1,1,3,4,2,13,13
"1024","LDXI","C",2,4,0,3,5,0,5,0,2,4,0,5,13,12
"1025","LDXI","C",2,5,4,4,3,3,2,3,4,2,3,2,12,12
"1026","LDXI","C",2,6,4,0,2,3,1,4,1,1,3,0,12,11
"1027","LDXI","C",3,7,1,5,1,1,2,1,5,1,1,1,11,11
"1028","LDXI","C",3,8,2,3,5,2,4,1,3,4,1,3,11,10
"1029","LDXI","C",3,9,4,5,1,0,3,4,4,0,0,3,10,9
"1030","LDXI","C",4,10,5,0,0,3,0,4,0,1,2,0,9,9
"1031","LDXI","C",4,11,0,1,4,5,4,0,0,4,5,4,9,8
"1032","LDXI","C",4,12,1,5,2,2,3,0,4,1,2,2,8,8
"1033","LDXI","C",5,13,0,3,2,1,0,1,3,1,1,1,8,7
"1034","LDXI","C",5,14,1,0,1,0,5,1,0,0,1,4,7,7
"1035","LDXI","C",5,15,0,4,2,1,4,0,4,2,0,4,7,6
"1036","IKMJ","P",1,1,0,5,5,3,5,1,5,4,3,5,15,19
"1037","IKMJ","P",1,2,3,1,4,1,5,2,1,3,1,4,19,24
"1038","IKMJ","P",1,3,0,5,1,2,1,1,5,0,2,0,24,29
"1039","IKMJ","P",2,4,2,4,5,5,1,2,4,4,4,0,29,33
"1040","IKMJ","P",2,5,0,5,4,5,2,1,4,3,5,2,33,38
"1041","IKMJ","P",2,6,5,2,5,4,0,4,1,4,4,0,38,43
"1042","IKMJ","P",3,7,0,5,4,5,4,1,4,4,5,3,43,47
"1043","IKMJ","P",3,8,2,0,4,5,0,1,1,4,4,1,47,52
"1044","IKMJ","P",3,9,4,0,3,2,0,4,0,3,2,0,52,57
"1045","IKMJ","P",4,10,5,0,5,3,0,5,1,4,2,1,57,61
"1046","IKMJ","P",4,11,4,1,1,5,0,4,1,0,5,1,61,66
"1047","IKMJ","P",4,12,5,4,5,2,3,5,4,5,1,2,66,71
"1048","IKMJ","P",5,13,0,0,4,5,3,1,1,4,5,2,71,75
"1049","IKMJ","P",5,14,1,2,3,2,4,0,1,2,1,3,75,80
"1050","IKMJ","P",5,15,2,3,4,0,1,2,2,4,0,0,80,85
"1051","MBEZ","C",1,1,3,5,3,0,5,2,5,2,1,4,15,16
"1052","MBEZ","C",1,2,4,0,1,4,4,4,0,1,3,3,16,18
"1053","MBEZ","C",1,3,1,0,5,3,3,1,0,4,3,3,18,19
"1054","MBEZ","C",2,4,4,3,3,0,4,3,3,3,0,3,19,21
"1055","MBEZ","C",2,5,4,1,0,2,4,4,1,1,2,3,21,22
"1056","MBEZ","C",2,6,3,2,1,3,5,3,1,0,3,4,22,24
"1057","MBEZ","C",3,7,0,4,3,2,1,0,4,2,2,1,24,25
"1058","MBEZ","C",3,8,4,0,4,1,1,3,0,3,0,0,25,27
"1059","MBEZ","C",3,9,0,2,3,5,0,0,1,2,5,0,27,28
"1060","MBEZ","C",4,10,3,4,2,2,0,3,4,2,1,1,28,30
"1061","MBEZ","C",4,11,3,4,0,5,3,2,3,1,5,3,30,31
"1062","MBEZ","C",4,12,0,5,0,4,1,0,5,0,3,1,31,33
"1063","MBEZ","C",5,13,3,5,2,5,3,2,4,2,4,2,33,34
"1064","MBEZ","C",5,14,3,1,4,2,2,2,1,4,1,1,34,36
"1065","MBEZ","C",5,15,3,5,3,4,0,2,4,2,4,0,36,37
"1066","IEMA","P",1,1,5,0,2,0,5,4,1,1,0,5,15,15
"1067","IEMA","P",1,2,3,3,0,2,4,2,3,0,2,4,15,16
"1068","IEMA","P",1,3,1,5,4,5,0,0,5,4,5,1,16,17
"1069","IEMA","P",2,4,1,1,3,1,1,1,0,2,0,0,17,17
"1070","IEMA","P",2,5,5,3,0,0,2,5,3,1,0,1,17,18
"1071","IEMA","P",2,6,2,0,2,2,2,1,1,2,1,1,18,19
"1072","IEMA","P",3,7,4,5,0,5,4,4,5,1,4,3,19,20
"1073","IEMA","P",3,8,5,1,4,5,0,5,1,3,5,1,20,20
"1074","IEMA","P",3,9,3,1,1,4,5,2,0,0,3,5,20,21
"1075","IEMA","P",4,10,2,2,4,2,4,1,1,4,1,3,21,22
"1076","IEMA","P",4,11,2,1,4,3,1,1,0,3,3,0,22,23
"1077","IEMA","P",4,12,0,0,5,5,2,0,1,4,4,2,23,23
"1078","IEMA","P",5,13,5,5,2,0,2,4,4,2,0,2,23,24
"1079","IEMA","P",5,14,1,4,0,2,0,1,4,0,1,0,24,25
"1080","IEMA","P",5,15,3,5,3,0,5,2,5,3,1,4,25,26
"1081","IAWT","C",1,1,0,5,3,3,3,0,4,3,2,3,15,15
"1082","IAWT","C",1,2,1,0,1,0,0,0,1,0,0,0,15,15
"1083","IAWT","C",1,3,1,1,1,5,0,0,0,0,5,1,15,15
"1084","IAWT","C",2,4,3,4,0,0,0,2,4,0,1,1,15,15
"1085","IAWT","C",2,5,0,0,3,3,2,1,0,3,3,1,15,15
"1086","IAWT","C",2,6,1,4,3,0,3,0,4,3,1,2,15,15
"1087","IAWT","C",3,7,0,0,2,0,3,0,0,1,0,3,15,15
"1088","IAWT","C",3,8,1,3,2,3,0,1,2,1,2,0,15,16
"1089","IAWT","C",3,9,4,4,0,1,5,3,4,0,0,4,16,16
"1090","IAWT","C",4,10,0,3,5,2,2,1,3,4,1,2,16,16
"1091","IAWT","C",4,11,4,3,0,0,4,3,3,0,0,4,16,16
"1092","IAWT","C",4,12,3,1,2,1,0,2,0,2,1,0,16,16
"1093","IAWT","C",5,13,2,0,5,3,0,1,0,4,2,0,16,16
"1094","IAWT","C",5,14,2,1,5,5,2,1,1,5,5,2,16,16
"1095","IAWT","C",5,15,1,2,0,1,3,0,2,1,1,3,16,16
"1096","IKIC","P",1,1,4,0,1,1,1,4,1,0,0,0,15,14
"1097","IKIC","P",1,2,1,3,3,3,2,0,2,2,2,2,14,13
"1098","IKIC","P",1,3,1,5,2,2,5,1,5,2,1,4,13,12
"1099","IKIC","P",2,4,3,1,0,5,3,3,0,0,4,3,12,11
"1100","IKIC","P",2,5,2,5,5,1,1,1,4,4,1,1,11,10
"1101","IKIC","P",2,6,3,0,5,0,0,3,1,5,0,1,10,9
"1102","IKIC","P",3,7,2,3,1,0,5,2,2,1,0,4,9,9
"1103","IKIC","P",3,8,3,1,0,0,5,3,0,1,0,4,9,8
"1104","IKIC","P",3,9,3,5,3,5,5,3,4,3,4,4,8,7
"1105","IKIC","P",4,10,3,1,1,2,4,3,1,1,1,3,7,6
"1106","IKIC","P",4,11,1,1,4,5,1,1,0,3,5,1,6,5
"1107","IKIC","P",4,12,4,1,0,4,2,4,1,0,3,1,5,4
"1108","IKIC","P",5,13,5,4,4,0,0,5,4,4,1,1,4,3
"1109","IKIC","P",5,14,4,0,3,3,0,4,1,3,2,0,3,3
"1110","IKIC","P",5,15,3,2,0,2,1,2,1,0,2,0,3,2
"1111","TPDA","C",1,1,4,2,1,3,3,3,1,0,3,3,15,17
"1112","TPDA","C",1,2,5,3,1,0,3,4,2,1,1,2,17,19
"1113","TPDA","C",1,3,4,4,5,5,0,3,4,5,5,1,19,22
"1114","TPDA","C",2,4,5,3,2,3,3,4,2,2,3,2,22,24
"1115","TPDA","C",2,5,5,5,2,2,0,5,5,1,1,1,24,27
"1116","TPDA","C",2,6,4,1,5,3,4,3,0,4,2,3,27,29
"1117","TPDA","C",3,7,0,5,5,5,4,1,5,5,4,3,29,32
"1118","TPDA","C",3,8,1,4,4,1,2,1,4,4,0,1,32,34
"1119","TPDA","C",3,9,5,3,4,0,4,5,3,4,1,3,34,37
"1120","TPDA","C",4,10,2,4,1,0,4,1,4,0,0,4,37,39
"1121","TPDA","C",4,11,2,0,4,3,2,1,1,4,2,1,39,42
"1122","TPDA","C",4,12,1,1,3,1,2,0,0,3,0,2,42,44
"1123","TPDA","C",5,13,2,4,4,4,0,1,3,3,3,0,44,46
"1124","TPDA","C",5,14,5,1,3,5,3,4,0,2,5,3,46,49
"1125","TPDA","C",5,15,3,5,3,5,0,2,5,3,4,1,49,51
"1126","MLBI","P",1,1,5,4,1,0,3,4,3,1,0,2,15,17
"1127","MLBI","P",1,2,1,5,1,0,0,1,4,0,0,0,17,20
"1128","MLBI","P",1,3,1,0,3,0,5,0,1,3,1,4,20,22
"1129","MLBI","P",2,4,0,4,2,1,1,1,3,2,1,1,22,25
"1130","MLBI","P",2,5,2,3,5,3,2,2,3,4,3,2,25,28
"1131","MLBI","P",2,6,2,5,4,0,0,1,5,4,1,0,28,30
"1132","MLBI","P",3,7,0,1,5,5,1,0,1,5,5,1,30,33
"1133","MLBI","P",3,8,3,4,0,2,3,3,3,0,2,2,33,35
"1134","MLBI","P",3,9,4,1,4,1,5,3,1,4,0,5,35,38
"1135","MLBI","P",4,10,0,0,0,1,1,1,1,0,0,0,38,41
"1136","MLBI","P",4,11,4,1,1,0,0,4,1,0,1,1,41,43
"1137","MLBI","P",4,12,4,1,2,5,4,3,0,1,5,4,43,46
"1138","MLBI","P",5,13,5,0,4,5,3,4,1,3,5,2,46,49
"1139","MLBI","P",5,14,1,5,0,3,5,0,5,0,3,4,49,51
"1140","MLBI","P",5,15,0,1,5,0,1,0,1,5,1,0,51,54
"1141","WYKE","C",1,1,5,4,3,2,1,5,4,3,2,0,15,15
"1142","WYKE","C",1,2,3,2,4,5,4,3,1,4,5,3,15,16
"1143","WYKE","C",1,3,3,1,4,5,0,2,1,3,5,1,16,16
"1144","WYKE","C",2,4,1,4,2,0,4,1,3,1,0,3,16,17
"1145","WYKE","C",2,5,1,1,4,2,0,1,1,3,2,1,17,18
"1146","WYKE","C",2,6,4,0,5,3,5,4,0,5,3,5,18,18
"1147","WYKE","C",3,7,3,1,5,5,4,3,0,4,5,3,18,19
"1148","WYKE","C",3,8,5,5,2,1,0,5,4,2,0,0,19,20
"1149","WYKE","C",3,9,3,3,4,4,0,2,2,4,4,0,20,20
"1150","WYKE","C",4,10,1,4,4,2,5,1,3,4,2,4,20,21
"1151","WYKE","C",4,11,4,2,4,4,5,3,2,4,4,5,21,22
"1152","WYKE","C",4,12,3,1,1,2,5,3,0,0,1,5,22,22
"1153","WYKE","C",5,13,2,1,3,4,3,2,1,2,3,2,22,23
"1154","WYKE","C",5,14,0,5,2,0,2,0,5,2,1,1,23,24
"1155","WYKE","C",5,15,0,5,3,1,4,0,4,3,0,4,24,24
"1156","IHCZ","P",1,1,4,0,2,2,0,4,1,2,2,1,15,16
"1157","IHCZ","P",1,2,0,3,1,0,1,0,2,1,0,0,16,17
"1158","IHCZ","P",1,3,0,5,5,2,0,1,4,4,1,1,17,18
"1159","IHCZ","P",2,4,1,4,5,4,1,0,4,5,3,0,18,19
"1160","IHCZ","P",2,5,5,0,5,4,0,4,0,4,4,1,19,20
"1161","IHCZ","P",2,6,3,2,1,0,4,3,2,0,0,4,20,21
"1162","IHCZ","P",3,7,5,4,2,1,4,4,4,2,0,4,21,23
"1163","IHCZ","P",3,8,2,3,5,1,2,2,3,5,0,1,23,24
"1164","IHCZ","P",3,9,4,3,2,5,3,3,3,1,5,2,24,25
"1165","IHCZ","P",4,10,1,5,4,2,4,1,5,3,2,3,25,26
"1166","IHCZ","P",4,11,2,1,5,4,0,1,0,5,4,1,26,27
"1167","IHCZ","P",4,12,1,4,5,4,2,0,3,5,3,1,27,28
"1168","IHCZ","P",5,13,4,1,3,0,5,3,1,3,1,4,28,29
"1169","IHCZ","P",5,14,3,4,4,4,2,2,3,3,3,1,29,31
"1170","IHCZ","P",5,15,1,3,0,0,4,0,2,0,1,4,31,32
"1171","MCFY","C",1,1,1,0,2,0,5,0,1,1,0,4,15,16
"1172","MCFY","C",1,2,0,3,5,4,1,0,2,4,3,0,16,17
"1173","MCFY","C",1,3,2,3,2,3,4,2,2,2,3,4,17,18
"1174","MCFY","C",2,4,3,4,2,3,5,3,4,1,2,5,18,19
"1175","MCFY","C",2,5,1,2,0,0,0,1,1,1,1,1,19,20
"1176","MCFY","C",2,6,0,4,1,0,3,1,3,0,1,3,20,21
"1177","MCFY","C",3,7,0,1,5,5,4,1,1,4,5,3,21,22
"1178","MCFY","C",3,8,1,5,2,0,0,0,5,1,1,1,22,24
"1179","MCFY","C",3,9,4,1,3,1,1,4,0,2,1,0,24,25
"1180","MCFY","C",4,10,2,5,3,4,1,1,4,2,3,1,25,26
"1181","MCFY","C",4,11,0,5,2,5,3,1,5,2,4,2,26,27
"1182","MCFY","C",4,12,5,0,2,3,2,4,1,1,3,1,27,28
"1183","MCFY","C",5,13,3,3,3,2,5,2,3,2,1,5,28,29
"1184","MCFY","C",5,14,4,5,5,5,1,4,5,5,5,0,29,30
"1185","MCFY","C",5,15,1,2,1,4,5,0,1,0,3,4,30,32
"1186","HQXZ","P",1,1,4,2,4,0,0,3,1,4,1,1,15,14
"1187","HQXZ","P",1,2,0,4,2,1,0,1,4,2,1,0,14,13
"1188","HQXZ","P",1,3,1,4,4,5,0,0,3,3,4,1,13,13
"1189","HQXZ","P",2,4,3,1,4,3,0,2,1,4,2,1,13,12
"1190","HQXZ","P",2,5,5,3,0,1,0,4,3,0,0,1,12,12
"1191","HQXZ","P",2,6,3,3,5,4,4,3,2,4,3,4,12,11
"1192","HQXZ","P",3,7,2,3,4,1,3,2,2,4,0,3,11,11
"1193","HQXZ","P",3,8,5,5,3,5,1,4,5,2,5,0,11,10
"1194","HQXZ","P",3,9,5,1,1,0,3,5,0,1,1,3,10,9
"1195","HQXZ","P",4,10,3,2,3,1,1,3,2,2,0,1,9,9
"1196","HQXZ","P",4,11,0,2,2,3,1,0,1,1,2,0,9,8
"1197","HQXZ","P",4,12,2,1,3,0,5,2,1,2,0,4,8,8
"1198","HQXZ","P",5,13,2,5,1,0,5,2,5,0,0,5,8,7
"1199","HQXZ","P",5,14,5,1,3,0,1,4,1,3,1,1,7,7
"1200","HQXZ","P",5,15,2,5,2,5,2,2,5,2,5,2,7,6
"1201","LKDH","C",1,1,1,0,2,3,0,1,1,1,3,0,15,15
"1202","LKDH","C",1,2,4,5,0,2,4,3,4,0,1,3,15,15
"1203","LKDH","C",1,3,0,3,4,3,2,0,3,3,3,2,15,15
"1204","LKDH","C",2,4,1,5,0,4,3,0,5,1,4,3,15,16
"1205","LKDH","C",2,5,1,3,4,2,4,1,2,4,2,3,16,16
"1206","LKDH","C",2,6,4,2,5,3,4,4,2,4,2,3,16,16
"1207","LKDH","C",3,7,2,4,3,3,3,1,4,2,3,2,16,17
"1208","LKDH","C",3,8,0,0,1,1,4,0,1,1,1,3,17,17
"1209","LKDH","C",3,9,4,5,4,2,4,4,4,3,2,4,17,17
"1210","LKDH","C",4,10,1,3,0,0,2,1,2,0,1,1,17,18
"1211","LKDH","C",4,11,3,5,1,2,0,2,4,0,1,1,18,18
"1212","LKDH","C",4,12,2,3,4,2,1,2,3,4,2,1,18,18
"1213","LKDH","C",5,13,2,0,3,5,3,1,1,3,5,2,18,18
"1214","LKDH","C",5,14,3,3,2,0,2,2,3,2,1,2,18,19
"1215","LKDH","C",5,15,1,5,4,3,4,1,5,4,3,3,19,19
"1216","OYJV","P",1,1,1,2,2,0,1,0,2,2,1,1,15,15
"1217","OYJV","P",1,2,5,3,2,5,5,4,2,1,4,4,15,15
"1218","OYJV","P",1,3,0,5,1,3,5,0,4,0,2,5,15,15
"1219","OYJV","P",2,4,4,2,2,5,0,3,1,2,4,0,15,15
"1220","OYJV","P",2,5,3,5,1,2,4,2,5,0,2,3,15,15
"1221","OYJV","P",2,6,1,5,1,0,1,0,5,0,0,1,15,16
"1222","OYJV","P",3,7,3,5,5,5,5,2,4,4,5,5,16,16
"1223","OYJV","P",3,8,4,3,4,2,4,3,3,3,2,4,16,16
"1224","OYJV","P",3,9,0,1,1,5,2,0,0,1,4,1,16,16
"1225","OYJV","P",4,10,4,5,3,2,4,4,5,2,1,4,16,16
"1226","OYJV","P",4,11,0,3,0,0,2,1,3,0,0,2,16,17
"1227","OYJV","P",4,12,5,2,5,5,3,4,1,5,4,2,17,17
"1228","OYJV","P",5,13,2,5,1,5,3,2,4,1,5,2,17,17
"1229","OYJV","P",5,14,3,1,2,2,0,2,0,2,1,0,17,17
"1230","OYJV","P",5,15,2,4,5,5,2,2,4,4,4,1,17,17
"1231","STYA","C",1,1,0,0,3,3,2,0,0,3,2,2,15,19
"1232","STYA","C",1,2,5,1,0,3,0,5,0,0,2,0,19,24
"1233","STYA","C",1,3,4,5,0,3,0,3,4,0,3,0,24,28
"1234","STYA","C",2,4,3,2,3,0,0,3,1,3,0,0,28,33
"1235","STYA","C",2,5,1,1,4,3,3,1,1,3,2,3,33,38
"1236","STYA","C",2,6,5,0,2,4,1,4,0,2,4,0,38,42
"1237","STYA","C",3,7,4,4,2,1,0,3,4,2,1,1,42,47
"1238","STYA","C",3,8,3,4,0,5,0,2,4,0,4,1,47,52
"1239","STYA","C",3,9,5,3,3,5,0,4,3,3,4,1,52,56
"1240","STYA","C",4,10,5,1,4,1,4,5,1,4,1,3,56,61
"1241","STYA","C",4,11,0,4,4,0,3,0,4,3,1,2,61,66
"1242","STYA","C",4,12,0,5,2,3,2,0,5,2,2,1,66,70
"1243","STYA","C",5,13,5,5,5,2,5,5,4,5,1,4,70,75
"1244","STYA","C",5,14,1,5,2,5,2,1,5,2,4,2,75,79
"1245","STYA","C",5,15,5,1,2,3,0,5,1,2,3,1,79,84
"1246","EKRM","P",1,1,1,4,5,5,3,0,3,5,5,3,15,16
"1247","EKRM","P",1,2,1,1,2,4,1,0,0,2,3,0,16,17
"1248","EKRM","P",1,3,0,2,0,2,3,1,1,0,1,2,17,18
"1249","EKRM","P",2,4,2,2,3,0,2,2,1,3,1,2,18,19
"1250","EKRM","P",2,5,3,0,2,5,0,3,0,1,4,1,19,21
"1251","EKRM","P",2,6,1,5,5,2,1,0,5,5,2,1,21,22
"1252","EKRM","P",3,7,0,1,4,2,5,0,0,3,1,5,22,23
"1253","EKRM","P",3,8,1,1,3,0,0,1,0,3,1,0,23,24
"1254","EKRM","P",3,9,4,3,0,0,2,4,3,1,0,2,24,26
"1255","EKRM","P",4,10,4,2,3,4,4,4,1,3,4,3,26,27
"1256","EKRM","P",4,11,3,2,1,2,4,2,1,1,1,4,27,28
"1257","EKRM","P",4,12,1,4,4,1,0,0,3,3,1,0,28,29
"1258","EKRM","P",5,13,4,5,3,4,4,4,4,2,4,3,29,31
"1259","EKRM","P",5,14,2,4,4,0,2,2,4,4,0,2,31,32
"1260","EKRM","P",5,15,3,3,3,4,3,3,3,2,4,2,32,33
"1261","NIVH","C",1,1,2,4,5,2,5,1,3,4,2,4,15,19
"1262","NIVH","C",1,2,5,0,0,5,3,5,0,1,5,2,19,23
"1263","NIVH","C",1,3,2,3,0,0,3,2,2,1,0,2,23,27
"1264","NIVH","C",2,4,3,4,5,5,2,2,4,5,4,2,27,32
"1265","NIVH","C",2,5,3,4,0,3,0,2,4,0,3,0,32,36
"1266","NIVH","C",2,6,4,5,2,3,2,3,4,2,3,2,36,40
"1267","NIVH","C",3,7,5,3,0,1,5,4,2,1,1,4,40,45
"1268","NIVH","C",3,8,0,1,0,3,5,0,1,0,3,5,45,49
"1269","NIVH","C",3,9,1,1,3,1,4,1,1,2,0,4,49,53
"1270","NIVH","C",4,10,4,3,0,2,0,3,2,1,2,1,53,58
"1271","NIVH","C",4,11,1,5,0,0,3,0,4,0,0,2,58,62
"1272","NIVH","C",4,12,2,2,4,3,5,1,2,4,3,5,62,66
"1273","NIVH","C",5,13,4,0,2,0,2,4,0,2,0,1,66,71
"1274","NIVH","C",5,14,0,0,5,5,1,0,1,5,4,0,71,75
"1275","NIVH","C",5,15,3,4,3,5,1,2,4,3,4,0,75,79
"1276","KCUJ","P",1,1,3,1,1,0,1,3,0,1,1,1,15,16
"1277","KCUJ","P",1,2,3,3,5,5,1,2,2,5,5,0,16,17
"1278","KCUJ","P",1,3,3,2,3,5,0,2,2,2,5,0,17,19
"1279","KCUJ","P",2,4,4,3,2,5,1,4,3,1,5,0,19,20
"1280","KCUJ","P",2,5,4,2,5,2,5,3,1,4,2,4,20,21
"1281","KCUJ","P",2,6,0,1,2,2,0,0,0,2,2,0,21,23
"1282","KCUJ","P",3,7,4,3,2,2,4,4,2,1,1,3,23,24
"1283","KCUJ","P",3,8,5,2,3,3,4,4,2,3,3,4,24,25
"1284","KCUJ","P",3,9,4,0,2,4,2,4,1,2,3,2,25,27
"1285","KCUJ","P",4,10,4,5,1,3,0,4,4,0,2,1,27,28
"1286","KCUJ","P",4,11,5,5,0,1,0,5,5,1,0,1,28,29
"1287","KCUJ","P",4,12,4,2,0,2,3,4,1,1,2,3,29,31
"1288","KCUJ","P",5,13,5,1,2,4,4,4,1,2,3,3,31,32
"1289","KCUJ","P",5,14,1,2,5,4,1,1,1,4,4,1,32,33
"1290","KCUJ","P",5,15,3,2,5,3,3,2,2,5,3,3,33,35
"1291","BBYJ","C",1,1,0,1,2,4,4,1,1,2,4,3,15,18
"1292","BBYJ","C",1,2,2,4,5,3,2,1,4,5,2,1,18,22
"1293","BBYJ","C",1,3,1,1,1,4,5,1,1,1,3,4,22,26
"1294","BBYJ","C",2,4,1,4,0,1,0,1,3,1,0,1,26,29
"1295","BBYJ","C",2,5,1,2,3,5,3,0,1,3,4,2,29,33
"1296","BBYJ","C",2,6,4,0,4,4,1,4,0,3,3,0,33,37
"1297","BBYJ","C",3,7,5,0,1,2,3,5,0,0,1,2,37,40
"1298","BBYJ","C",3,8,1,1,5,4,2,0,1,4,4,2,40,44
"1299","BBYJ","C",3,9,2,5,4,3,3,1,5,3,3,3,44,48
"1300","BBYJ","C",4,10,2,2,4,1,1,2,2,3,1,1,48,51
"1301","BBYJ","C",4,11,2,3,1,2,0,2,3,1,1,0,51,55
"1302","BBYJ","C",4,12,5,0,1,2,3,4,0,1,1,2,55,59
"1303","BBYJ","C",5,13,5,5,4,0,4,4,4,4,0,4,59,62
"1304","BBYJ","C",5,14,2,3,4,4,3,2,3,4,4,2,62,66
"1305","BBYJ","C",5,15,4,5,2,1,4,3,5,1,0,3,66,70
"1306","UXLO","P",1,1,4,2,0,4,0,3,2,0,4,1,15,14
"1307","UXLO","P",1,2,4,5,0,2,1,3,4,0,1,0,14,14
"1308","UXLO","P",1,3,5,5,3,0,4,5,5,3,0,3,14,14
"1309","UXLO","P",2,4,5,0,4,3,0,5,0,4,2,1,14,14
"1310","UXLO","P",2,5,5,0,5,3,4,5,1,5,2,3,14,14
"1311","UXLO","P",2,6,3,4,5,5,3,2,4,4,5,3,14,14
"1312","UXLO","P",3,7,5,2,2,0,1,5,1,2,1,1,14,14
"1313","UXLO","P",3,8,5,2,0,4,0,4,1,1,4,0,14,14
"1314","UXLO","P",3,9,5,0,1,4,3,5,0,1,4,3,14,14
"1315","UXLO","P",4,10,3,2,1,0,3,2,2,1,1,3,14,14
"1316","UXLO","P",4,11,1,1,0,3,0,0,1,0,3,1,14,13
"1317","UXLO","P",4,12,0,1,0,4,4,0,1,0,4,3,13,13
"1318","UXLO","P",5,13,2,5,3,2,4,2,4,2,1,3,13,13
"1319","UXLO","P",5,14,0,3,5,1,2,0,2,4,1,2,13,13
"1320","UXLO","P",5,15,5,0,5,3,5,4,1,5,2,5,13,13
"1321","BETM","C",1,1,4,3,3,4,2,4,3,2,4,2,15,17
"1322","BETM","C",1,2,4,5,2,2,0,4,4,1,1,1,17,20
"1323","BETM","C",1,3,0,0,0,1,1,0,1,1,1,1,20,23
"1324","BETM","C",2,4,4,2,5,4,0,3,2,5,4,0,23,26
"1325","BETM","C",2,5,3,4,0,0,2,2,3,1,1,2,26,29
"1326","BETM","C",2,6,5,4,2,4,4,5,3,1,4,3,29,32
"1327","BETM","C",3,7,5,3,4,3,1,5,2,3,2,0,32,35
"1328","BETM","C",3,8,4,0,3,0,2,4,1,2,1,1,35,38
"1329","BETM","C",3,9,3,0,3,1,5,2,0,2,0,4,38,41
"1330","BETM","C",4,10,5,4,2,5,1,4,4,1,5,0,41,44
"1331","BETM","C",4,11,2,0,0,5,4,2,1,0,4,3,44,47
"1332","BETM","C",4,12,1,5,4,5,3,1,5,4,4,3,47,50
"1333","BETM","C",5,13,0,1,0,0,5,1,1,0,0,5,50,52
"1334","BETM","C",5,14,2,0,4,4,3,2,0,3,3,2,52,55
"1335","BETM","C",5,15,1,0,3,4,1,0,0,2,4,1,55,58
"1336","RYMM","P",1,1,1,5,3,5,1,0,5,2,5,0,15,18
"1337","RYMM","P",1,2,1,3,3,5,2,1,2,2,5,2,18,22
"1338","RYMM","P",1,3,1,2,1,4,0,1,2,0,3,0,22,25
"1339","RYMM","P",2,4,4,5,0,2,5,4,5,0,1,4,25,29
"1340","RYMM","P",2,5,2,5,5,1,4,1,4,4,0,3,29,32
"1341","RYMM","P",2,6,4,3,4,4,1,3,3,3,3,0,32,36
"1342","RYMM","P",3,7,5,1,0,0,4,5,0,1,0,3,36,39
"1343","RYMM","P",3,8,3,4,2,1,1,3,4,1,1,0,39,43
"1344","RYMM","P",3,9,1,3,3,3,3,0,2,3,2,3,43,46
"1345","RYMM","P",4,10,3,0,5,0,2,2,1,5,1,1,46,50
"1346","RYMM","P",4,11,4,1,0,5,0,4,0,0,5,1,50,53
"1347","RYMM","P",4,12,2,0,4,0,5,2,0,4,0,4,53,57
"1348","RYMM","P",5,13,5,4,4,4,3,4,4,3,3,3,57,60
"1349","RYMM","P",5,14,3,1,5,1,0,3,1,4,0,1,60,64
"1350","RYMM","P",5,15,0,5,1,0,3,1,4,1,1,3,64,67
"1351","OQHZ","C",1,1,3,4,0,3,5,3,4,1,3,4,15,18
"1352","OQHZ","C",1,2,4,4,3,2,2,4,3,2,2,1,18,21
"1353","OQHZ","C",1,3,4,1,4,3,0,4,1,4,2,1,21,24
"1354","OQHZ","C",2,4,0,0,5,3,4,1,1,4,3,3,24,28
"1355","OQHZ","C",2,5,5,4,5,0,0,5,3,4,0,1,28,31
"1356","OQHZ","C",2,6,5,5,5,4,4,5,5,4,4,3,31,34
"1357","OQHZ","C",3,7,0,2,4,2,2,1,2,4,2,1,34,38
"1358","OQHZ","C",3,8,4,1,2,2,0,4,0,1,2,0,38,41
"1359","OQHZ","C",3,9,5,3,0,0,4,5,2,0,0,3,41,44
"1360","OQHZ","C",4,10,3,3,4,5,0,2,3,3,5,1,44,48
"1361","OQHZ","C",4,11,4,0,2,4,1,3,1,2,4,0,48,51
"1362","OQHZ","C",4,12,2,5,5,4,0,1,4,5,4,0,51,54
"1363","OQHZ","C",5,13,0,1,0,1,0,1,0,0,1,0,54,58
"1364","OQHZ","C",5,14,0,3,0,3,1,1,3,0,2,1,58,61
"1365","OQHZ","C",5,15,2,2,1,2,1,2,1,0,1,1,61,64
"1366","QPQY","P",1,1,1,1,4,0,5,0,1,4,0,5,15,16
"1367","QPQY","P",1,2,1,2,1,3,3,1,1,1,2,2,16,17
"1368","QPQY","P",1,3,1,4,0,3,1,0,4,1,3,0,17,18
"1369","QPQY","P",2,4,1,0,3,1,4,0,0,3,0,3,18,19
"1370","QPQY","P",2,5,5,2,3,0,0,4,2,3,1,1,19,21
"1371","QPQY","P",2,6,0,4,5,5,5,1,4,4,4,5,21,22
"1372","QPQY","P",3,7,2,2,1,2,4,2,2,1,1,4,22,23
"1373","QPQY","P",3,8,1,0,3,3,1,1,0,3,3,1,23,24
"1374","QPQY","P",3,9,2,5,4,0,4,2,5,3,1,4,24,25
"1375","QPQY","P",4,10,1,2,2,3,5,0,1,2,2,4,25,27
"1376","QPQY","P",4,11,1,5,0,3,4,0,5,1,3,4,27,28
"1377","QPQY","P",4,12,2,3,4,4,5,1,3,4,4,5,28,29
"1378","QPQY","P",5,13,2,3,5,4,0,1,2,4,4,0,29,30
"1379","QPQY","P",5,14,0,1,4,4,1,0,1,4,3,0,30,32
"1380","QPQY","P",5,15,0,0,5,1,0,0,1,4,1,1,32,33
"1381","KHCI","C",1,1,4,0,3,4,4,3,0,2,3,4,15,16
"1382","KHCI","C",1,2,4,5,2,1,3,4,4,2,1,3,16,18
"1383","KHCI","C",1,3,4,2,1,5,5,4,1,1,5,4,18,19
"1384","KHCI","C",2,4,4,4,5,3,0,4,4,4,3,0,19,21
"1385","KHCI","C",2,5,4,2,4,1,0,4,2,4,0,0,21,23
"1386","KHCI","C",2,6,5,0,0,1,2,4,1,1,0,2,23,24
"1387","KHCI","C",3,7,4,1,4,5,5,4,0,4,5,4,24,26
"1388","KHCI","C",3,8,2,4,4,0,1,2,3,3,0,1,26,27
"1389","KHCI","C",3,9,3,0,3,0,2,2,0,3,0,2,27,29
"1390","KHCI","C",4,10,4,4,1,0,5,4,3,0,1,5,29,31
"1391","KHCI","C",4,11,5,0,5,1,4,5,0,5,0,4,31,32
"1392","KHCI","C",4,12,0,4,4,4,1,1,3,4,4,1,32,34
"1393","KHCI","C",5,13,1,1,5,1,2,0,0,4,0,1,34,35
"1394","KHCI","C",5,14,4,4,5,3,0,4,3,5,2,1,35,37
"1395","KHCI","C",5,15,0,1,0,1,1,0,1,0,0,1,37,39
"1396","TCSZ","P",1,1,3,4,0,0,1,3,4,1,0,1,15,15
"1397","TCSZ","P",1,2,3,5,3,3,5,2,4,3,2,4,15,15
"1398","TCSZ","P",1,3,5,4,2,0,2,5,4,2,0,1,15,15
"1399","TCSZ","P",2,4,4,0,0,4,5,3,1,0,3,4,15,15
"1400","TCSZ","P",2,5,5,5,5,5,3,4,5,5,5,2,15,15
"1401","TCSZ","P",2,6,1,3,1,1,0,0,2,1,1,0,15,15
"1402","TCSZ","P",3,7,0,1,4,3,5,0,1,3,3,5,15,15
"1403","TCSZ","P",3,8,3,2,1,3,2,3,2,0,3,2,15,15
"1404","TCSZ","P",3,9,4,3,1,1,2,4,3,1,0,1,15,15
"1405","TCSZ","P",4,10,3,3,2,4,4,2,2,2,3,3,15,15
"1406","TCSZ","P",4,11,5,3,3,4,0,4,2,3,3,1,15,15
"1407","TCSZ","P",4,12,3,1,5,3,0,3,0,5,2,1,15,16
"1408","TCSZ","P",5,13,1,3,0,3,5,1,2,0,3,4,16,16
"1409","TCSZ","P",5,14,4,4,1,1,1,3,4,1,0,0,16,16
"1410","TCSZ","P",5,15,4,1,2,3,3,4,1,2,2,2,16,16
"1411","FCBV","C",1,1,4,0,4,0,4,4,0,3,0,4,15,20
"1412","FCBV","C",1,2,3,3,3,0,2,3,2,2,1,1,20,26
"1413","FCBV","C",1,3,0,3,4,1,2,1,2,3,1,2,26,31
"1414","FCBV","C",2,4,2,2,5,0,5,1,1,4,1,4,31,37
"1415","FCBV","C",2,5,5,3,3,4,0,5,3,3,4,1,37,42
"1416","FCBV","C",2,6,4,4,4,0,3,4,3,4,1,3,42,48
"1417","FCBV","C",3,7,4,5,4,5,0,4,5,3,4,0,48,54
"1418","FCBV","C",3,8,5,3,2,5,3,4,3,1,4,3,54,59
"1419","FCBV","C",3,9,1,2,1,1,1,1,1,0,0,1,59,65
"1420","FCBV","C",4,10,1,1,5,2,2,1,1,4,1,2,65,70
"1421","FCBV","C",4,11,0,4,1,5,3,0,4,1,4,2,70,76
"1422","FCBV","C",4,12,3,4,3,2,2,3,3,3,2,1,76,82
"1423","FCBV","C",5,13,4,3,1,0,0,4,3,1,1,1,82,87
"1424","FCBV","C",5,14,4,4,4,2,5,4,4,4,1,5,87,93
"1425","FCBV","C",5,15,3,1,0,1,4,3,1,0,1,3,93,98
"1426","PMJH","P",1,1,0,1,1,3,4,1,1,1,3,4,15,19
"1427","PMJH","P",1,2,5,2,4,2,5,4,1,4,1,5,19,23
"1428","PMJH","P",1,3,5,2,4,3,4,5,2,3,3,4,23,27
"1429","PMJH","P",2,4,2,2,2,2,1,1,1,2,1,1,27,32
"1430","PMJH","P",2,5,1,5,4,5,2,1,4,3,4,1,32,36
"1431","PMJH","P",2,6,2,5,2,3,4,2,5,2,2,3,36,40
"1432","PMJH","P",3,7,5,3,4,4,0,4,2,4,3,0,40,45
"1433","PMJH","P",3,8,5,3,4,4,5,4,3,4,4,4,45,49
"1434","PMJH","P",3,9,3,1,2,5,0,3,1,2,4,1,49,53
"1435","PMJH","P",4,10,0,3,3,5,2,0,3,3,5,2,53,58
"1436","PMJH","P",4,11,1,1,5,5,4,1,1,4,4,3,58,62
"1437","PMJH","P",4,12,3,5,2,4,2,2,5,2,3,2,62,66
"1438","PMJH","P",5,13,5,4,0,5,2,4,3,0,5,2,66,71
"1439","PMJH","P",5,14,3,3,1,0,2,3,2,1,1,1,71,75
"1440","PMJH","P",5,15,3,3,0,0,0,2,2,0,0,0,75,79
"1441","PVCZ","C",1,1,4,3,5,1,0,4,2,5,1,0,15,17
"1442","PVCZ","C",1,2,5,4,1,5,5,4,4,1,4,5,17,20
"1443","PVCZ","C",1,3,4,4,3,2,4,3,4,2,2,3,20,23
"1444","PVCZ","C",2,4,2,2,5,3,4,1,2,4,2,4,23,25
"1445","PVCZ","C",2,5,2,5,3,4,3,2,4,3,3,2,25,28
"1446","PVCZ","C",2,6,1,1,4,4,2,0,0,3,4,2,28,31
"1447","PVCZ","C",3,7,5,4,5,0,2,4,3,5,1,1,31,33
"1448","PVCZ","C",3,8,2,0,5,1,5,1,1,4,1,4,33,36
"1449","PVCZ","C",3,9,0,3,3,1,0,0,2,2,0,1,36,39
"1450","PVCZ","C",4,10,0,4,1,4,3,0,4,1,4,2,39,41
"1451","PVCZ","C",4,11,1,1,1,4,3,1,0,0,4,2,41,44
"1452","PVCZ","C",4,12,4,5,5,5,0,4,5,5,4,1,44,47
"1453","PVCZ","C",5,13,2,3,2,4,4,2,2,2,4,4,47,49
"1454","PVCZ","C",5,14,2,0,2,3,4,1,0,1,3,4,49,52
"1455","PVCZ","C",5,15,3,3,1,3,1,2,2,1,2,1,52,55
"1456","ECWN","P",1,1,0,4,1,1,1,0,4,0,1,0,15,18
"1457","ECWN","P",1,2,3,0,0,5,5,3,0,0,4,4,18,21
"1458","ECWN","P",1,3,4,0,1,4,5,4,1,0,3,4,21,24
"1459","ECWN","P",2,4,4,0,2,0,4,4,1,1,0,3,24,27
"1460","ECWN","P",2,5,3,2,3,4,0,3,1,2,4,0,27,31
"1461","ECWN","P",2,6,0,0,4,3,0,0,1,4,3,1,31,34
"1462","ECWN","P",3,7,3,2,5,2,4,2,1,4,1,4,34,37
"1463","ECWN","P",3,8,3,5,1,2,1,2,5,0,1,1,37,40
"1464","ECWN","P",3,9,2,3,4,0,4,2,2,3,0,4,40,44
"1465","ECWN","P",4,10,4,4,4,0,2,3,3,3,0,1,44,47
"1466","ECWN","P",4,11,2,2,2,4,2,1,2,2,3,2,47,50
"1467","ECWN","P",4,12,5,0,4,1,0,4,0,3,1,0,50,53
"1468","ECWN","P",5,13,1,4,2,3,4,1,4,2,2,3,53,57
"1469","ECWN","P",5,14,2,4,2,3,0,2,3,2,3,1,57,60
"1470","ECWN","P",5,15,4,2,1,3,1,3,2,0,2,0,60,63
"1471","RFSM","C",1,1,5,3,1,5,5,4,2,0,4,5,15,18
"1472","RFSM","C",1,2,4,3,0,4,2,4,2,0,3,2,18,22
"1473","RFSM","C",1,3,2,2,1,3,0,2,2,0,2,1,22,26
"1474","RFSM","C",2,4,5,5,3,3,2,4,5,3,3,1,26,30
"1475","RFSM","C",2,5,2,1,2,4,3,1,1,2,4,2,30,34
"1476","RFSM","C",2,6,0,5,0,4,5,1,4,0,3,4,34,38
"1477","RFSM","C",3,7,3,0,5,1,0,3,0,5,0,1,38,42
"1478","RFSM","C",3,8,0,3,5,3,3,1,2,5,3,3,42,46
"1479","RFSM","C",3,9,1,4,3,1,2,1,3,3,1,2,46,50
"1480","RFSM","C",4,10,4,4,2,4,4,4,4,2,4,3,50,54
"1481","RFSM","C",4,11,4,1,1,2,4,4,1,0,1,4,54,58
"1482","RFSM","C",4,12,5,5,3,0,1,5,4,3,0,1,58,62
"1483","RFSM","C",5,13,0,2,1,3,5,0,1,0,3,4,62,66
"1484","RFSM","C",5,14,1,2,2,4,1,0,2,2,3,0,66,70
"1485","RFSM","C",5,15,2,4,3,4,0,2,4,2,4,1,70,74
"1486","ZXOB","P",1,1,1,0,5,2,1,0,1,5,1,1,15,19
"1487","ZXOB","P",1,2,1,4,3,2,1,0,3,3,1,1,19,23
"1488","ZXOB","P",1,3,3,1,4,5,4,2,0,3,5,4,23,28
"1489","ZXOB","P",2,4,1,2,5,4,4,0,1,5,4,3,28,32
"1490","ZXOB","P",2,5,0,2,2,0,3,0,2,1,0,3,32,36
"1491","ZXOB","P",2,6,5,1,2,3,4,5,1,2,2,4,36,41
"1492","ZXOB","P",3,7,4,5,5,5,3,4,5,4,5,3,41,45
"1493","ZXOB","P",3,8,5,3,5,0,2,4,2,5,0,2,45,49
"1494","ZXOB","P",3,9,5,2,5,3,2,4,1,5,2,1,49,54
"1495","ZXOB","P",4,10,5,0,1,3,3,5,1,1,3,3,54,58
"1496","ZXOB","P",4,11,0,1,3,5,1,0,0,2,4,1,58,62
"1497","ZXOB","P",4,12,2,3,3,0,1,2,2,2,1,1,62,67
"1498","ZXOB","P",5,13,1,4,0,4,4,1,4,0,4,3,67,71
"1499","ZXOB","P",5,14,3,3,2,1,4,3,2,1,1,3,71,76
"1500","ZXOB","P",5,15,4,2,5,4,4,4,2,4,4,3,76,80
