"","userId","group","item","responseNo","checked"
"1","XYHV","C","age",1,0
"2","XYHV","C","age",2,0
"3","XYHV","C","age",3,0
"4","XYHV","C","age",4,0
"5","XYHV","C","age",5,0
"6","XYHV","C","age",6,1
"7","XYHV","C","age",7,0
"8","XYHV","C","gender",1,0
"9","XYHV","C","gender",2,0
"10","XYHV","C","gender",3,1
"11","XYHV","C","gender",4,0
"12","XYHV","C","gender",5,0
"13","XYHV","C","gender",6,0
"14","XYHV","C","gender",7,0
"15","QNTD","P","age",1,0
"16","QNTD","P","age",2,0
"17","QNTD","P","age",3,0
"18","QNTD","P","age",4,0
"19","QNTD","P","age",5,1
"20","QNTD","P","age",6,0
"21","QNTD","P","age",7,0
"22","QNTD","P","gender",1,0
"23","QNTD","P","gender",2,0
"24","QNTD","P","gender",3,0
"25","QNTD","P","gender",4,0
"26","QNTD","P","gender",5,1
"27","QNTD","P","gender",6,0
"28","QNTD","P","gender",7,0
"29","RSLS","C","age",1,0
"30","RSLS","C","age",2,0
"31","RSLS","C","age",3,0
"32","RSLS","C","age",4,0
"33","RSLS","C","age",5,0
"34","RSLS","C","age",6,0
"35","RSLS","C","age",7,1
"36","RSLS","C","gender",1,0
"37","RSLS","C","gender",2,0
"38","RSLS","C","gender",3,0
"39","RSLS","C","gender",4,0
"40","RSLS","C","gender",5,0
"41","RSLS","C","gender",6,1
"42","RSLS","C","gender",7,0
"43","YGMY","P","age",1,0
"44","YGMY","P","age",2,0
"45","YGMY","P","age",3,0
"46","YGMY","P","age",4,1
"47","YGMY","P","age",5,0
"48","YGMY","P","age",6,0
"49","YGMY","P","age",7,0
"50","YGMY","P","gender",1,0
"51","YGMY","P","gender",2,1
"52","YGMY","P","gender",3,0
"53","YGMY","P","gender",4,0
"54","YGMY","P","gender",5,0
"55","YGMY","P","gender",6,0
"56","YGMY","P","gender",7,0
"57","ZDMO","C","age",1,1
"58","ZDMO","C","age",2,0
"59","ZDMO","C","age",3,0
"60","ZDMO","C","age",4,0
"61","ZDMO","C","age",5,0
"62","ZDMO","C","age",6,0
"63","ZDMO","C","age",7,0
"64","ZDMO","C","gender",1,0
"65","ZDMO","C","gender",2,0
"66","ZDMO","C","gender",3,0
"67","ZDMO","C","gender",4,0
"68","ZDMO","C","gender",5,0
"69","ZDMO","C","gender",6,0
"70","ZDMO","C","gender",7,1
"71","XDZY","P","age",1,0
"72","XDZY","P","age",2,0
"73","XDZY","P","age",3,1
"74","XDZY","P","age",4,0
"75","XDZY","P","age",5,0
"76","XDZY","P","age",6,0
"77","XDZY","P","age",7,0
"78","XDZY","P","gender",1,0
"79","XDZY","P","gender",2,1
"80","XDZY","P","gender",3,0
"81","XDZY","P","gender",4,0
"82","XDZY","P","gender",5,0
"83","XDZY","P","gender",6,0
"84","XDZY","P","gender",7,0
"85","CNKX","C","age",1,1
"86","CNKX","C","age",2,0
"87","CNKX","C","age",3,0
"88","CNKX","C","age",4,0
"89","CNKX","C","age",5,0
"90","CNKX","C","age",6,0
"91","CNKX","C","age",7,0
"92","CNKX","C","gender",1,0
"93","CNKX","C","gender",2,1
"94","CNKX","C","gender",3,0
"95","CNKX","C","gender",4,0
"96","CNKX","C","gender",5,0
"97","CNKX","C","gender",6,0
"98","CNKX","C","gender",7,0
"99","LVTV","P","age",1,0
"100","LVTV","P","age",2,0
"101","LVTV","P","age",3,0
"102","LVTV","P","age",4,0
"103","LVTV","P","age",5,0
"104","LVTV","P","age",6,1
"105","LVTV","P","age",7,0
"106","LVTV","P","gender",1,0
"107","LVTV","P","gender",2,0
"108","LVTV","P","gender",3,0
"109","LVTV","P","gender",4,0
"110","LVTV","P","gender",5,0
"111","LVTV","P","gender",6,1
"112","LVTV","P","gender",7,0
"113","KRAV","C","age",1,0
"114","KRAV","C","age",2,0
"115","KRAV","C","age",3,0
"116","KRAV","C","age",4,1
"117","KRAV","C","age",5,0
"118","KRAV","C","age",6,0
"119","KRAV","C","age",7,0
"120","KRAV","C","gender",1,0
"121","KRAV","C","gender",2,0
"122","KRAV","C","gender",3,0
"123","KRAV","C","gender",4,0
"124","KRAV","C","gender",5,0
"125","KRAV","C","gender",6,1
"126","KRAV","C","gender",7,0
"127","AFXP","P","age",1,0
"128","AFXP","P","age",2,0
"129","AFXP","P","age",3,0
"130","AFXP","P","age",4,1
"131","AFXP","P","age",5,0
"132","AFXP","P","age",6,0
"133","AFXP","P","age",7,0
"134","AFXP","P","gender",1,1
"135","AFXP","P","gender",2,0
"136","AFXP","P","gender",3,0
"137","AFXP","P","gender",4,0
"138","AFXP","P","gender",5,0
"139","AFXP","P","gender",6,0
"140","AFXP","P","gender",7,0
"141","JLAZ","C","age",1,0
"142","JLAZ","C","age",2,0
"143","JLAZ","C","age",3,0
"144","JLAZ","C","age",4,0
"145","JLAZ","C","age",5,0
"146","JLAZ","C","age",6,0
"147","JLAZ","C","age",7,1
"148","JLAZ","C","gender",1,0
"149","JLAZ","C","gender",2,0
"150","JLAZ","C","gender",3,0
"151","JLAZ","C","gender",4,1
"152","JLAZ","C","gender",5,0
"153","JLAZ","C","gender",6,0
"154","JLAZ","C","gender",7,0
"155","LYXQ","P","age",1,0
"156","LYXQ","P","age",2,0
"157","LYXQ","P","age",3,0
"158","LYXQ","P","age",4,1
"159","LYXQ","P","age",5,0
"160","LYXQ","P","age",6,0
"161","LYXQ","P","age",7,0
"162","LYXQ","P","gender",1,0
"163","LYXQ","P","gender",2,0
"164","LYXQ","P","gender",3,0
"165","LYXQ","P","gender",4,0
"166","LYXQ","P","gender",5,0
"167","LYXQ","P","gender",6,0
"168","LYXQ","P","gender",7,1
"169","ZQIJ","C","age",1,0
"170","ZQIJ","C","age",2,0
"171","ZQIJ","C","age",3,1
"172","ZQIJ","C","age",4,0
"173","ZQIJ","C","age",5,0
"174","ZQIJ","C","age",6,0
"175","ZQIJ","C","age",7,0
"176","ZQIJ","C","gender",1,0
"177","ZQIJ","C","gender",2,0
"178","ZQIJ","C","gender",3,0
"179","ZQIJ","C","gender",4,0
"180","ZQIJ","C","gender",5,1
"181","ZQIJ","C","gender",6,0
"182","ZQIJ","C","gender",7,0
"183","KUBT","P","age",1,1
"184","KUBT","P","age",2,0
"185","KUBT","P","age",3,0
"186","KUBT","P","age",4,0
"187","KUBT","P","age",5,0
"188","KUBT","P","age",6,0
"189","KUBT","P","age",7,0
"190","KUBT","P","gender",1,0
"191","KUBT","P","gender",2,1
"192","KUBT","P","gender",3,0
"193","KUBT","P","gender",4,0
"194","KUBT","P","gender",5,0
"195","KUBT","P","gender",6,0
"196","KUBT","P","gender",7,0
"197","REGN","C","age",1,0
"198","REGN","C","age",2,1
"199","REGN","C","age",3,0
"200","REGN","C","age",4,0
"201","REGN","C","age",5,0
"202","REGN","C","age",6,0
"203","REGN","C","age",7,0
"204","REGN","C","gender",1,1
"205","REGN","C","gender",2,0
"206","REGN","C","gender",3,0
"207","REGN","C","gender",4,0
"208","REGN","C","gender",5,0
"209","REGN","C","gender",6,0
"210","REGN","C","gender",7,0
"211","RZTO","P","age",1,1
"212","RZTO","P","age",2,0
"213","RZTO","P","age",3,0
"214","RZTO","P","age",4,0
"215","RZTO","P","age",5,0
"216","RZTO","P","age",6,0
"217","RZTO","P","age",7,0
"218","RZTO","P","gender",1,0
"219","RZTO","P","gender",2,0
"220","RZTO","P","gender",3,0
"221","RZTO","P","gender",4,0
"222","RZTO","P","gender",5,0
"223","RZTO","P","gender",6,0
"224","RZTO","P","gender",7,1
"225","WEHV","C","age",1,0
"226","WEHV","C","age",2,0
"227","WEHV","C","age",3,1
"228","WEHV","C","age",4,0
"229","WEHV","C","age",5,0
"230","WEHV","C","age",6,0
"231","WEHV","C","age",7,0
"232","WEHV","C","gender",1,1
"233","WEHV","C","gender",2,0
"234","WEHV","C","gender",3,0
"235","WEHV","C","gender",4,0
"236","WEHV","C","gender",5,0
"237","WEHV","C","gender",6,0
"238","WEHV","C","gender",7,0
"239","SGBD","P","age",1,0
"240","SGBD","P","age",2,0
"241","SGBD","P","age",3,1
"242","SGBD","P","age",4,0
"243","SGBD","P","age",5,0
"244","SGBD","P","age",6,0
"245","SGBD","P","age",7,0
"246","SGBD","P","gender",1,0
"247","SGBD","P","gender",2,0
"248","SGBD","P","gender",3,0
"249","SGBD","P","gender",4,0
"250","SGBD","P","gender",5,1
"251","SGBD","P","gender",6,0
"252","SGBD","P","gender",7,0
"253","FMFS","C","age",1,0
"254","FMFS","C","age",2,0
"255","FMFS","C","age",3,0
"256","FMFS","C","age",4,0
"257","FMFS","C","age",5,0
"258","FMFS","C","age",6,0
"259","FMFS","C","age",7,1
"260","FMFS","C","gender",1,0
"261","FMFS","C","gender",2,1
"262","FMFS","C","gender",3,0
"263","FMFS","C","gender",4,0
"264","FMFS","C","gender",5,0
"265","FMFS","C","gender",6,0
"266","FMFS","C","gender",7,0
"267","AJNA","P","age",1,0
"268","AJNA","P","age",2,0
"269","AJNA","P","age",3,0
"270","AJNA","P","age",4,0
"271","AJNA","P","age",5,1
"272","AJNA","P","age",6,0
"273","AJNA","P","age",7,0
"274","AJNA","P","gender",1,1
"275","AJNA","P","gender",2,0
"276","AJNA","P","gender",3,0
"277","AJNA","P","gender",4,0
"278","AJNA","P","gender",5,0
"279","AJNA","P","gender",6,0
"280","AJNA","P","gender",7,0
"281","PEJQ","C","age",1,0
"282","PEJQ","C","age",2,1
"283","PEJQ","C","age",3,0
"284","PEJQ","C","age",4,0
"285","PEJQ","C","age",5,0
"286","PEJQ","C","age",6,0
"287","PEJQ","C","age",7,0
"288","PEJQ","C","gender",1,0
"289","PEJQ","C","gender",2,0
"290","PEJQ","C","gender",3,0
"291","PEJQ","C","gender",4,0
"292","PEJQ","C","gender",5,0
"293","PEJQ","C","gender",6,0
"294","PEJQ","C","gender",7,1
"295","UOGC","P","age",1,0
"296","UOGC","P","age",2,0
"297","UOGC","P","age",3,0
"298","UOGC","P","age",4,0
"299","UOGC","P","age",5,0
"300","UOGC","P","age",6,1
"301","UOGC","P","age",7,0
"302","UOGC","P","gender",1,0
"303","UOGC","P","gender",2,0
"304","UOGC","P","gender",3,1
"305","UOGC","P","gender",4,0
"306","UOGC","P","gender",5,0
"307","UOGC","P","gender",6,0
"308","UOGC","P","gender",7,0
"309","CHRA","C","age",1,0
"310","CHRA","C","age",2,0
"311","CHRA","C","age",3,1
"312","CHRA","C","age",4,0
"313","CHRA","C","age",5,0
"314","CHRA","C","age",6,0
"315","CHRA","C","age",7,0
"316","CHRA","C","gender",1,0
"317","CHRA","C","gender",2,1
"318","CHRA","C","gender",3,0
"319","CHRA","C","gender",4,0
"320","CHRA","C","gender",5,0
"321","CHRA","C","gender",6,0
"322","CHRA","C","gender",7,0
"323","FYYT","P","age",1,0
"324","FYYT","P","age",2,0
"325","FYYT","P","age",3,0
"326","FYYT","P","age",4,0
"327","FYYT","P","age",5,0
"328","FYYT","P","age",6,0
"329","FYYT","P","age",7,1
"330","FYYT","P","gender",1,0
"331","FYYT","P","gender",2,0
"332","FYYT","P","gender",3,1
"333","FYYT","P","gender",4,0
"334","FYYT","P","gender",5,0
"335","FYYT","P","gender",6,0
"336","FYYT","P","gender",7,0
"337","INTQ","C","age",1,0
"338","INTQ","C","age",2,0
"339","INTQ","C","age",3,0
"340","INTQ","C","age",4,0
"341","INTQ","C","age",5,1
"342","INTQ","C","age",6,0
"343","INTQ","C","age",7,0
"344","INTQ","C","gender",1,0
"345","INTQ","C","gender",2,0
"346","INTQ","C","gender",3,0
"347","INTQ","C","gender",4,1
"348","INTQ","C","gender",5,0
"349","INTQ","C","gender",6,0
"350","INTQ","C","gender",7,0
"351","QFFK","P","age",1,0
"352","QFFK","P","age",2,0
"353","QFFK","P","age",3,0
"354","QFFK","P","age",4,1
"355","QFFK","P","age",5,0
"356","QFFK","P","age",6,0
"357","QFFK","P","age",7,0
"358","QFFK","P","gender",1,0
"359","QFFK","P","gender",2,0
"360","QFFK","P","gender",3,0
"361","QFFK","P","gender",4,0
"362","QFFK","P","gender",5,1
"363","QFFK","P","gender",6,0
"364","QFFK","P","gender",7,0
"365","YZTT","C","age",1,0
"366","YZTT","C","age",2,0
"367","YZTT","C","age",3,0
"368","YZTT","C","age",4,0
"369","YZTT","C","age",5,0
"370","YZTT","C","age",6,0
"371","YZTT","C","age",7,1
"372","YZTT","C","gender",1,0
"373","YZTT","C","gender",2,0
"374","YZTT","C","gender",3,0
"375","YZTT","C","gender",4,1
"376","YZTT","C","gender",5,0
"377","YZTT","C","gender",6,0
"378","YZTT","C","gender",7,0
"379","NAPV","P","age",1,0
"380","NAPV","P","age",2,1
"381","NAPV","P","age",3,0
"382","NAPV","P","age",4,0
"383","NAPV","P","age",5,0
"384","NAPV","P","age",6,0
"385","NAPV","P","age",7,0
"386","NAPV","P","gender",1,0
"387","NAPV","P","gender",2,0
"388","NAPV","P","gender",3,0
"389","NAPV","P","gender",4,0
"390","NAPV","P","gender",5,0
"391","NAPV","P","gender",6,0
"392","NAPV","P","gender",7,1
"393","TLNN","C","age",1,0
"394","TLNN","C","age",2,1
"395","TLNN","C","age",3,0
"396","TLNN","C","age",4,0
"397","TLNN","C","age",5,0
"398","TLNN","C","age",6,0
"399","TLNN","C","age",7,0
"400","TLNN","C","gender",1,0
"401","TLNN","C","gender",2,0
"402","TLNN","C","gender",3,0
"403","TLNN","C","gender",4,0
"404","TLNN","C","gender",5,0
"405","TLNN","C","gender",6,0
"406","TLNN","C","gender",7,1
"407","AJPV","P","age",1,0
"408","AJPV","P","age",2,1
"409","AJPV","P","age",3,0
"410","AJPV","P","age",4,0
"411","AJPV","P","age",5,0
"412","AJPV","P","age",6,0
"413","AJPV","P","age",7,0
"414","AJPV","P","gender",1,0
"415","AJPV","P","gender",2,0
"416","AJPV","P","gender",3,0
"417","AJPV","P","gender",4,1
"418","AJPV","P","gender",5,0
"419","AJPV","P","gender",6,0
"420","AJPV","P","gender",7,0
"421","JKOP","C","age",1,1
"422","JKOP","C","age",2,0
"423","JKOP","C","age",3,0
"424","JKOP","C","age",4,0
"425","JKOP","C","age",5,0
"426","JKOP","C","age",6,0
"427","JKOP","C","age",7,0
"428","JKOP","C","gender",1,1
"429","JKOP","C","gender",2,0
"430","JKOP","C","gender",3,0
"431","JKOP","C","gender",4,0
"432","JKOP","C","gender",5,0
"433","JKOP","C","gender",6,0
"434","JKOP","C","gender",7,0
"435","SKXZ","P","age",1,0
"436","SKXZ","P","age",2,0
"437","SKXZ","P","age",3,0
"438","SKXZ","P","age",4,0
"439","SKXZ","P","age",5,0
"440","SKXZ","P","age",6,0
"441","SKXZ","P","age",7,1
"442","SKXZ","P","gender",1,1
"443","SKXZ","P","gender",2,0
"444","SKXZ","P","gender",3,0
"445","SKXZ","P","gender",4,0
"446","SKXZ","P","gender",5,0
"447","SKXZ","P","gender",6,0
"448","SKXZ","P","gender",7,0
"449","GSXP","C","age",1,0
"450","GSXP","C","age",2,0
"451","GSXP","C","age",3,0
"452","GSXP","C","age",4,0
"453","GSXP","C","age",5,1
"454","GSXP","C","age",6,0
"455","GSXP","C","age",7,0
"456","GSXP","C","gender",1,0
"457","GSXP","C","gender",2,0
"458","GSXP","C","gender",3,0
"459","GSXP","C","gender",4,0
"460","GSXP","C","gender",5,0
"461","GSXP","C","gender",6,0
"462","GSXP","C","gender",7,1
"463","QYWP","P","age",1,0
"464","QYWP","P","age",2,0
"465","QYWP","P","age",3,0
"466","QYWP","P","age",4,0
"467","QYWP","P","age",5,1
"468","QYWP","P","age",6,0
"469","QYWP","P","age",7,0
"470","QYWP","P","gender",1,0
"471","QYWP","P","gender",2,0
"472","QYWP","P","gender",3,0
"473","QYWP","P","gender",4,0
"474","QYWP","P","gender",5,1
"475","QYWP","P","gender",6,0
"476","QYWP","P","gender",7,0
"477","VCTQ","C","age",1,0
"478","VCTQ","C","age",2,0
"479","VCTQ","C","age",3,0
"480","VCTQ","C","age",4,1
"481","VCTQ","C","age",5,0
"482","VCTQ","C","age",6,0
"483","VCTQ","C","age",7,0
"484","VCTQ","C","gender",1,0
"485","VCTQ","C","gender",2,0
"486","VCTQ","C","gender",3,0
"487","VCTQ","C","gender",4,0
"488","VCTQ","C","gender",5,0
"489","VCTQ","C","gender",6,1
"490","VCTQ","C","gender",7,0
"491","DCMU","P","age",1,0
"492","DCMU","P","age",2,0
"493","DCMU","P","age",3,0
"494","DCMU","P","age",4,0
"495","DCMU","P","age",5,1
"496","DCMU","P","age",6,0
"497","DCMU","P","age",7,0
"498","DCMU","P","gender",1,0
"499","DCMU","P","gender",2,0
"500","DCMU","P","gender",3,0
"501","DCMU","P","gender",4,0
"502","DCMU","P","gender",5,0
"503","DCMU","P","gender",6,1
"504","DCMU","P","gender",7,0
"505","TVEY","C","age",1,0
"506","TVEY","C","age",2,0
"507","TVEY","C","age",3,0
"508","TVEY","C","age",4,0
"509","TVEY","C","age",5,0
"510","TVEY","C","age",6,0
"511","TVEY","C","age",7,1
"512","TVEY","C","gender",1,0
"513","TVEY","C","gender",2,0
"514","TVEY","C","gender",3,1
"515","TVEY","C","gender",4,0
"516","TVEY","C","gender",5,0
"517","TVEY","C","gender",6,0
"518","TVEY","C","gender",7,0
"519","HDSI","P","age",1,0
"520","HDSI","P","age",2,0
"521","HDSI","P","age",3,0
"522","HDSI","P","age",4,0
"523","HDSI","P","age",5,0
"524","HDSI","P","age",6,1
"525","HDSI","P","age",7,0
"526","HDSI","P","gender",1,0
"527","HDSI","P","gender",2,1
"528","HDSI","P","gender",3,0
"529","HDSI","P","gender",4,0
"530","HDSI","P","gender",5,0
"531","HDSI","P","gender",6,0
"532","HDSI","P","gender",7,0
"533","UKRU","C","age",1,0
"534","UKRU","C","age",2,0
"535","UKRU","C","age",3,0
"536","UKRU","C","age",4,0
"537","UKRU","C","age",5,0
"538","UKRU","C","age",6,1
"539","UKRU","C","age",7,0
"540","UKRU","C","gender",1,0
"541","UKRU","C","gender",2,0
"542","UKRU","C","gender",3,0
"543","UKRU","C","gender",4,0
"544","UKRU","C","gender",5,0
"545","UKRU","C","gender",6,1
"546","UKRU","C","gender",7,0
"547","EADR","P","age",1,1
"548","EADR","P","age",2,0
"549","EADR","P","age",3,0
"550","EADR","P","age",4,0
"551","EADR","P","age",5,0
"552","EADR","P","age",6,0
"553","EADR","P","age",7,0
"554","EADR","P","gender",1,0
"555","EADR","P","gender",2,0
"556","EADR","P","gender",3,0
"557","EADR","P","gender",4,0
"558","EADR","P","gender",5,1
"559","EADR","P","gender",6,0
"560","EADR","P","gender",7,0
"561","YOPF","C","age",1,0
"562","YOPF","C","age",2,0
"563","YOPF","C","age",3,0
"564","YOPF","C","age",4,0
"565","YOPF","C","age",5,0
"566","YOPF","C","age",6,1
"567","YOPF","C","age",7,0
"568","YOPF","C","gender",1,0
"569","YOPF","C","gender",2,0
"570","YOPF","C","gender",3,1
"571","YOPF","C","gender",4,0
"572","YOPF","C","gender",5,0
"573","YOPF","C","gender",6,0
"574","YOPF","C","gender",7,0
"575","NELI","P","age",1,0
"576","NELI","P","age",2,0
"577","NELI","P","age",3,1
"578","NELI","P","age",4,0
"579","NELI","P","age",5,0
"580","NELI","P","age",6,0
"581","NELI","P","age",7,0
"582","NELI","P","gender",1,0
"583","NELI","P","gender",2,0
"584","NELI","P","gender",3,0
"585","NELI","P","gender",4,0
"586","NELI","P","gender",5,1
"587","NELI","P","gender",6,0
"588","NELI","P","gender",7,0
"589","DESK","C","age",1,0
"590","DESK","C","age",2,0
"591","DESK","C","age",3,0
"592","DESK","C","age",4,0
"593","DESK","C","age",5,0
"594","DESK","C","age",6,1
"595","DESK","C","age",7,0
"596","DESK","C","gender",1,0
"597","DESK","C","gender",2,0
"598","DESK","C","gender",3,0
"599","DESK","C","gender",4,0
"600","DESK","C","gender",5,0
"601","DESK","C","gender",6,1
"602","DESK","C","gender",7,0
"603","KMLD","P","age",1,0
"604","KMLD","P","age",2,0
"605","KMLD","P","age",3,0
"606","KMLD","P","age",4,0
"607","KMLD","P","age",5,1
"608","KMLD","P","age",6,0
"609","KMLD","P","age",7,0
"610","KMLD","P","gender",1,0
"611","KMLD","P","gender",2,0
"612","KMLD","P","gender",3,1
"613","KMLD","P","gender",4,0
"614","KMLD","P","gender",5,0
"615","KMLD","P","gender",6,0
"616","KMLD","P","gender",7,0
"617","VPUT","C","age",1,0
"618","VPUT","C","age",2,0
"619","VPUT","C","age",3,0
"620","VPUT","C","age",4,0
"621","VPUT","C","age",5,0
"622","VPUT","C","age",6,1
"623","VPUT","C","age",7,0
"624","VPUT","C","gender",1,0
"625","VPUT","C","gender",2,0
"626","VPUT","C","gender",3,1
"627","VPUT","C","gender",4,0
"628","VPUT","C","gender",5,0
"629","VPUT","C","gender",6,0
"630","VPUT","C","gender",7,0
"631","XWIG","P","age",1,0
"632","XWIG","P","age",2,0
"633","XWIG","P","age",3,0
"634","XWIG","P","age",4,1
"635","XWIG","P","age",5,0
"636","XWIG","P","age",6,0
"637","XWIG","P","age",7,0
"638","XWIG","P","gender",1,0
"639","XWIG","P","gender",2,0
"640","XWIG","P","gender",3,0
"641","XWIG","P","gender",4,0
"642","XWIG","P","gender",5,1
"643","XWIG","P","gender",6,0
"644","XWIG","P","gender",7,0
"645","TTXU","C","age",1,1
"646","TTXU","C","age",2,0
"647","TTXU","C","age",3,0
"648","TTXU","C","age",4,0
"649","TTXU","C","age",5,0
"650","TTXU","C","age",6,0
"651","TTXU","C","age",7,0
"652","TTXU","C","gender",1,1
"653","TTXU","C","gender",2,0
"654","TTXU","C","gender",3,0
"655","TTXU","C","gender",4,0
"656","TTXU","C","gender",5,0
"657","TTXU","C","gender",6,0
"658","TTXU","C","gender",7,0
"659","DHFU","P","age",1,0
"660","DHFU","P","age",2,0
"661","DHFU","P","age",3,0
"662","DHFU","P","age",4,0
"663","DHFU","P","age",5,1
"664","DHFU","P","age",6,0
"665","DHFU","P","age",7,0
"666","DHFU","P","gender",1,0
"667","DHFU","P","gender",2,0
"668","DHFU","P","gender",3,0
"669","DHFU","P","gender",4,1
"670","DHFU","P","gender",5,0
"671","DHFU","P","gender",6,0
"672","DHFU","P","gender",7,0
"673","DDBB","C","age",1,0
"674","DDBB","C","age",2,0
"675","DDBB","C","age",3,0
"676","DDBB","C","age",4,1
"677","DDBB","C","age",5,0
"678","DDBB","C","age",6,0
"679","DDBB","C","age",7,0
"680","DDBB","C","gender",1,0
"681","DDBB","C","gender",2,1
"682","DDBB","C","gender",3,0
"683","DDBB","C","gender",4,0
"684","DDBB","C","gender",5,0
"685","DDBB","C","gender",6,0
"686","DDBB","C","gender",7,0
"687","NCTT","P","age",1,0
"688","NCTT","P","age",2,0
"689","NCTT","P","age",3,1
"690","NCTT","P","age",4,0
"691","NCTT","P","age",5,0
"692","NCTT","P","age",6,0
"693","NCTT","P","age",7,0
"694","NCTT","P","gender",1,0
"695","NCTT","P","gender",2,1
"696","NCTT","P","gender",3,0
"697","NCTT","P","gender",4,0
"698","NCTT","P","gender",5,0
"699","NCTT","P","gender",6,0
"700","NCTT","P","gender",7,0
"701","XNWL","C","age",1,0
"702","XNWL","C","age",2,0
"703","XNWL","C","age",3,0
"704","XNWL","C","age",4,0
"705","XNWL","C","age",5,0
"706","XNWL","C","age",6,1
"707","XNWL","C","age",7,0
"708","XNWL","C","gender",1,1
"709","XNWL","C","gender",2,0
"710","XNWL","C","gender",3,0
"711","XNWL","C","gender",4,0
"712","XNWL","C","gender",5,0
"713","XNWL","C","gender",6,0
"714","XNWL","C","gender",7,0
"715","ELZM","P","age",1,0
"716","ELZM","P","age",2,1
"717","ELZM","P","age",3,0
"718","ELZM","P","age",4,0
"719","ELZM","P","age",5,0
"720","ELZM","P","age",6,0
"721","ELZM","P","age",7,0
"722","ELZM","P","gender",1,1
"723","ELZM","P","gender",2,0
"724","ELZM","P","gender",3,0
"725","ELZM","P","gender",4,0
"726","ELZM","P","gender",5,0
"727","ELZM","P","gender",6,0
"728","ELZM","P","gender",7,0
"729","GGOQ","C","age",1,0
"730","GGOQ","C","age",2,0
"731","GGOQ","C","age",3,0
"732","GGOQ","C","age",4,1
"733","GGOQ","C","age",5,0
"734","GGOQ","C","age",6,0
"735","GGOQ","C","age",7,0
"736","GGOQ","C","gender",1,0
"737","GGOQ","C","gender",2,0
"738","GGOQ","C","gender",3,1
"739","GGOQ","C","gender",4,0
"740","GGOQ","C","gender",5,0
"741","GGOQ","C","gender",6,0
"742","GGOQ","C","gender",7,0
"743","IBLV","P","age",1,0
"744","IBLV","P","age",2,0
"745","IBLV","P","age",3,0
"746","IBLV","P","age",4,0
"747","IBLV","P","age",5,0
"748","IBLV","P","age",6,0
"749","IBLV","P","age",7,1
"750","IBLV","P","gender",1,0
"751","IBLV","P","gender",2,0
"752","IBLV","P","gender",3,0
"753","IBLV","P","gender",4,1
"754","IBLV","P","gender",5,0
"755","IBLV","P","gender",6,0
"756","IBLV","P","gender",7,0
"757","OJOX","C","age",1,0
"758","OJOX","C","age",2,0
"759","OJOX","C","age",3,1
"760","OJOX","C","age",4,0
"761","OJOX","C","age",5,0
"762","OJOX","C","age",6,0
"763","OJOX","C","age",7,0
"764","OJOX","C","gender",1,0
"765","OJOX","C","gender",2,0
"766","OJOX","C","gender",3,0
"767","OJOX","C","gender",4,0
"768","OJOX","C","gender",5,0
"769","OJOX","C","gender",6,1
"770","OJOX","C","gender",7,0
"771","MEOY","P","age",1,0
"772","MEOY","P","age",2,0
"773","MEOY","P","age",3,0
"774","MEOY","P","age",4,1
"775","MEOY","P","age",5,0
"776","MEOY","P","age",6,0
"777","MEOY","P","age",7,0
"778","MEOY","P","gender",1,0
"779","MEOY","P","gender",2,0
"780","MEOY","P","gender",3,0
"781","MEOY","P","gender",4,1
"782","MEOY","P","gender",5,0
"783","MEOY","P","gender",6,0
"784","MEOY","P","gender",7,0
"785","IVHE","C","age",1,0
"786","IVHE","C","age",2,0
"787","IVHE","C","age",3,1
"788","IVHE","C","age",4,0
"789","IVHE","C","age",5,0
"790","IVHE","C","age",6,0
"791","IVHE","C","age",7,0
"792","IVHE","C","gender",1,0
"793","IVHE","C","gender",2,0
"794","IVHE","C","gender",3,0
"795","IVHE","C","gender",4,1
"796","IVHE","C","gender",5,0
"797","IVHE","C","gender",6,0
"798","IVHE","C","gender",7,0
"799","BGJE","P","age",1,0
"800","BGJE","P","age",2,0
"801","BGJE","P","age",3,0
"802","BGJE","P","age",4,1
"803","BGJE","P","age",5,0
"804","BGJE","P","age",6,0
"805","BGJE","P","age",7,0
"806","BGJE","P","gender",1,0
"807","BGJE","P","gender",2,0
"808","BGJE","P","gender",3,0
"809","BGJE","P","gender",4,0
"810","BGJE","P","gender",5,1
"811","BGJE","P","gender",6,0
"812","BGJE","P","gender",7,0
"813","HAZU","C","age",1,0
"814","HAZU","C","age",2,0
"815","HAZU","C","age",3,0
"816","HAZU","C","age",4,0
"817","HAZU","C","age",5,0
"818","HAZU","C","age",6,1
"819","HAZU","C","age",7,0
"820","HAZU","C","gender",1,0
"821","HAZU","C","gender",2,1
"822","HAZU","C","gender",3,0
"823","HAZU","C","gender",4,0
"824","HAZU","C","gender",5,0
"825","HAZU","C","gender",6,0
"826","HAZU","C","gender",7,0
"827","CWOK","P","age",1,0
"828","CWOK","P","age",2,0
"829","CWOK","P","age",3,0
"830","CWOK","P","age",4,1
"831","CWOK","P","age",5,0
"832","CWOK","P","age",6,0
"833","CWOK","P","age",7,0
"834","CWOK","P","gender",1,0
"835","CWOK","P","gender",2,0
"836","CWOK","P","gender",3,0
"837","CWOK","P","gender",4,0
"838","CWOK","P","gender",5,0
"839","CWOK","P","gender",6,1
"840","CWOK","P","gender",7,0
"841","BOBF","C","age",1,0
"842","BOBF","C","age",2,0
"843","BOBF","C","age",3,1
"844","BOBF","C","age",4,0
"845","BOBF","C","age",5,0
"846","BOBF","C","age",6,0
"847","BOBF","C","age",7,0
"848","BOBF","C","gender",1,0
"849","BOBF","C","gender",2,0
"850","BOBF","C","gender",3,0
"851","BOBF","C","gender",4,0
"852","BOBF","C","gender",5,1
"853","BOBF","C","gender",6,0
"854","BOBF","C","gender",7,0
"855","OMED","P","age",1,0
"856","OMED","P","age",2,0
"857","OMED","P","age",3,1
"858","OMED","P","age",4,0
"859","OMED","P","age",5,0
"860","OMED","P","age",6,0
"861","OMED","P","age",7,0
"862","OMED","P","gender",1,0
"863","OMED","P","gender",2,0
"864","OMED","P","gender",3,0
"865","OMED","P","gender",4,0
"866","OMED","P","gender",5,0
"867","OMED","P","gender",6,1
"868","OMED","P","gender",7,0
"869","MYIE","C","age",1,0
"870","MYIE","C","age",2,0
"871","MYIE","C","age",3,0
"872","MYIE","C","age",4,1
"873","MYIE","C","age",5,0
"874","MYIE","C","age",6,0
"875","MYIE","C","age",7,0
"876","MYIE","C","gender",1,0
"877","MYIE","C","gender",2,0
"878","MYIE","C","gender",3,0
"879","MYIE","C","gender",4,0
"880","MYIE","C","gender",5,0
"881","MYIE","C","gender",6,1
"882","MYIE","C","gender",7,0
"883","HNAU","P","age",1,0
"884","HNAU","P","age",2,0
"885","HNAU","P","age",3,0
"886","HNAU","P","age",4,1
"887","HNAU","P","age",5,0
"888","HNAU","P","age",6,0
"889","HNAU","P","age",7,0
"890","HNAU","P","gender",1,0
"891","HNAU","P","gender",2,0
"892","HNAU","P","gender",3,0
"893","HNAU","P","gender",4,1
"894","HNAU","P","gender",5,0
"895","HNAU","P","gender",6,0
"896","HNAU","P","gender",7,0
"897","COOQ","C","age",1,1
"898","COOQ","C","age",2,0
"899","COOQ","C","age",3,0
"900","COOQ","C","age",4,0
"901","COOQ","C","age",5,0
"902","COOQ","C","age",6,0
"903","COOQ","C","age",7,0
"904","COOQ","C","gender",1,0
"905","COOQ","C","gender",2,0
"906","COOQ","C","gender",3,1
"907","COOQ","C","gender",4,0
"908","COOQ","C","gender",5,0
"909","COOQ","C","gender",6,0
"910","COOQ","C","gender",7,0
"911","SDIY","P","age",1,0
"912","SDIY","P","age",2,0
"913","SDIY","P","age",3,1
"914","SDIY","P","age",4,0
"915","SDIY","P","age",5,0
"916","SDIY","P","age",6,0
"917","SDIY","P","age",7,0
"918","SDIY","P","gender",1,0
"919","SDIY","P","gender",2,0
"920","SDIY","P","gender",3,0
"921","SDIY","P","gender",4,0
"922","SDIY","P","gender",5,0
"923","SDIY","P","gender",6,1
"924","SDIY","P","gender",7,0
"925","NDWF","C","age",1,0
"926","NDWF","C","age",2,0
"927","NDWF","C","age",3,1
"928","NDWF","C","age",4,0
"929","NDWF","C","age",5,0
"930","NDWF","C","age",6,0
"931","NDWF","C","age",7,0
"932","NDWF","C","gender",1,0
"933","NDWF","C","gender",2,0
"934","NDWF","C","gender",3,0
"935","NDWF","C","gender",4,1
"936","NDWF","C","gender",5,0
"937","NDWF","C","gender",6,0
"938","NDWF","C","gender",7,0
"939","YXDU","P","age",1,0
"940","YXDU","P","age",2,0
"941","YXDU","P","age",3,0
"942","YXDU","P","age",4,0
"943","YXDU","P","age",5,0
"944","YXDU","P","age",6,1
"945","YXDU","P","age",7,0
"946","YXDU","P","gender",1,0
"947","YXDU","P","gender",2,1
"948","YXDU","P","gender",3,0
"949","YXDU","P","gender",4,0
"950","YXDU","P","gender",5,0
"951","YXDU","P","gender",6,0
"952","YXDU","P","gender",7,0
"953","LDXI","C","age",1,0
"954","LDXI","C","age",2,0
"955","LDXI","C","age",3,0
"956","LDXI","C","age",4,0
"957","LDXI","C","age",5,0
"958","LDXI","C","age",6,1
"959","LDXI","C","age",7,0
"960","LDXI","C","gender",1,0
"961","LDXI","C","gender",2,0
"962","LDXI","C","gender",3,0
"963","LDXI","C","gender",4,0
"964","LDXI","C","gender",5,0
"965","LDXI","C","gender",6,0
"966","LDXI","C","gender",7,1
"967","IKMJ","P","age",1,0
"968","IKMJ","P","age",2,0
"969","IKMJ","P","age",3,0
"970","IKMJ","P","age",4,0
"971","IKMJ","P","age",5,1
"972","IKMJ","P","age",6,0
"973","IKMJ","P","age",7,0
"974","IKMJ","P","gender",1,0
"975","IKMJ","P","gender",2,1
"976","IKMJ","P","gender",3,0
"977","IKMJ","P","gender",4,0
"978","IKMJ","P","gender",5,0
"979","IKMJ","P","gender",6,0
"980","IKMJ","P","gender",7,0
"981","MBEZ","C","age",1,0
"982","MBEZ","C","age",2,0
"983","MBEZ","C","age",3,1
"984","MBEZ","C","age",4,0
"985","MBEZ","C","age",5,0
"986","MBEZ","C","age",6,0
"987","MBEZ","C","age",7,0
"988","MBEZ","C","gender",1,0
"989","MBEZ","C","gender",2,0
"990","MBEZ","C","gender",3,0
"991","MBEZ","C","gender",4,0
"992","MBEZ","C","gender",5,0
"993","MBEZ","C","gender",6,1
"994","MBEZ","C","gender",7,0
"995","IEMA","P","age",1,0
"996","IEMA","P","age",2,1
"997","IEMA","P","age",3,0
"998","IEMA","P","age",4,0
"999","IEMA","P","age",5,0
"1000","IEMA","P","age",6,0
"1001","IEMA","P","age",7,0
"1002","IEMA","P","gender",1,0
"1003","IEMA","P","gender",2,1
"1004","IEMA","P","gender",3,0
"1005","IEMA","P","gender",4,0
"1006","IEMA","P","gender",5,0
"1007","IEMA","P","gender",6,0
"1008","IEMA","P","gender",7,0
"1009","IAWT","C","age",1,0
"1010","IAWT","C","age",2,1
"1011","IAWT","C","age",3,0
"1012","IAWT","C","age",4,0
"1013","IAWT","C","age",5,0
"1014","IAWT","C","age",6,0
"1015","IAWT","C","age",7,0
"1016","IAWT","C","gender",1,1
"1017","IAWT","C","gender",2,0
"1018","IAWT","C","gender",3,0
"1019","IAWT","C","gender",4,0
"1020","IAWT","C","gender",5,0
"1021","IAWT","C","gender",6,0
"1022","IAWT","C","gender",7,0
"1023","IKIC","P","age",1,0
"1024","IKIC","P","age",2,0
"1025","IKIC","P","age",3,0
"1026","IKIC","P","age",4,0
"1027","IKIC","P","age",5,0
"1028","IKIC","P","age",6,0
"1029","IKIC","P","age",7,1
"1030","IKIC","P","gender",1,0
"1031","IKIC","P","gender",2,0
"1032","IKIC","P","gender",3,1
"1033","IKIC","P","gender",4,0
"1034","IKIC","P","gender",5,0
"1035","IKIC","P","gender",6,0
"1036","IKIC","P","gender",7,0
"1037","TPDA","C","age",1,0
"1038","TPDA","C","age",2,0
"1039","TPDA","C","age",3,0
"1040","TPDA","C","age",4,0
"1041","TPDA","C","age",5,0
"1042","TPDA","C","age",6,1
"1043","TPDA","C","age",7,0
"1044","TPDA","C","gender",1,1
"1045","TPDA","C","gender",2,0
"1046","TPDA","C","gender",3,0
"1047","TPDA","C","gender",4,0
"1048","TPDA","C","gender",5,0
"1049","TPDA","C","gender",6,0
"1050","TPDA","C","gender",7,0
"1051","MLBI","P","age",1,0
"1052","MLBI","P","age",2,0
"1053","MLBI","P","age",3,1
"1054","MLBI","P","age",4,0
"1055","MLBI","P","age",5,0
"1056","MLBI","P","age",6,0
"1057","MLBI","P","age",7,0
"1058","MLBI","P","gender",1,0
"1059","MLBI","P","gender",2,1
"1060","MLBI","P","gender",3,0
"1061","MLBI","P","gender",4,0
"1062","MLBI","P","gender",5,0
"1063","MLBI","P","gender",6,0
"1064","MLBI","P","gender",7,0
"1065","WYKE","C","age",1,0
"1066","WYKE","C","age",2,1
"1067","WYKE","C","age",3,0
"1068","WYKE","C","age",4,0
"1069","WYKE","C","age",5,0
"1070","WYKE","C","age",6,0
"1071","WYKE","C","age",7,0
"1072","WYKE","C","gender",1,0
"1073","WYKE","C","gender",2,1
"1074","WYKE","C","gender",3,0
"1075","WYKE","C","gender",4,0
"1076","WYKE","C","gender",5,0
"1077","WYKE","C","gender",6,0
"1078","WYKE","C","gender",7,0
"1079","IHCZ","P","age",1,0
"1080","IHCZ","P","age",2,0
"1081","IHCZ","P","age",3,1
"1082","IHCZ","P","age",4,0
"1083","IHCZ","P","age",5,0
"1084","IHCZ","P","age",6,0
"1085","IHCZ","P","age",7,0
"1086","IHCZ","P","gender",1,1
"1087","IHCZ","P","gender",2,0
"1088","IHCZ","P","gender",3,0
"1089","IHCZ","P","gender",4,0
"1090","IHCZ","P","gender",5,0
"1091","IHCZ","P","gender",6,0
"1092","IHCZ","P","gender",7,0
"1093","MCFY","C","age",1,0
"1094","MCFY","C","age",2,0
"1095","MCFY","C","age",3,0
"1096","MCFY","C","age",4,0
"1097","MCFY","C","age",5,0
"1098","MCFY","C","age",6,0
"1099","MCFY","C","age",7,1
"1100","MCFY","C","gender",1,1
"1101","MCFY","C","gender",2,0
"1102","MCFY","C","gender",3,0
"1103","MCFY","C","gender",4,0
"1104","MCFY","C","gender",5,0
"1105","MCFY","C","gender",6,0
"1106","MCFY","C","gender",7,0
"1107","HQXZ","P","age",1,0
"1108","HQXZ","P","age",2,0
"1109","HQXZ","P","age",3,0
"1110","HQXZ","P","age",4,1
"1111","HQXZ","P","age",5,0
"1112","HQXZ","P","age",6,0
"1113","HQXZ","P","age",7,0
"1114","HQXZ","P","gender",1,1
"1115","HQXZ","P","gender",2,0
"1116","HQXZ","P","gender",3,0
"1117","HQXZ","P","gender",4,0
"1118","HQXZ","P","gender",5,0
"1119","HQXZ","P","gender",6,0
"1120","HQXZ","P","gender",7,0
"1121","LKDH","C","age",1,0
"1122","LKDH","C","age",2,1
"1123","LKDH","C","age",3,0
"1124","LKDH","C","age",4,0
"1125","LKDH","C","age",5,0
"1126","LKDH","C","age",6,0
"1127","LKDH","C","age",7,0
"1128","LKDH","C","gender",1,0
"1129","LKDH","C","gender",2,0
"1130","LKDH","C","gender",3,0
"1131","LKDH","C","gender",4,1
"1132","LKDH","C","gender",5,0
"1133","LKDH","C","gender",6,0
"1134","LKDH","C","gender",7,0
"1135","OYJV","P","age",1,0
"1136","OYJV","P","age",2,0
"1137","OYJV","P","age",3,0
"1138","OYJV","P","age",4,0
"1139","OYJV","P","age",5,0
"1140","OYJV","P","age",6,0
"1141","OYJV","P","age",7,1
"1142","OYJV","P","gender",1,0
"1143","OYJV","P","gender",2,0
"1144","OYJV","P","gender",3,1
"1145","OYJV","P","gender",4,0
"1146","OYJV","P","gender",5,0
"1147","OYJV","P","gender",6,0
"1148","OYJV","P","gender",7,0
"1149","STYA","C","age",1,0
"1150","STYA","C","age",2,0
"1151","STYA","C","age",3,0
"1152","STYA","C","age",4,0
"1153","STYA","C","age",5,1
"1154","STYA","C","age",6,0
"1155","STYA","C","age",7,0
"1156","STYA","C","gender",1,0
"1157","STYA","C","gender",2,0
"1158","STYA","C","gender",3,0
"1159","STYA","C","gender",4,1
"1160","STYA","C","gender",5,0
"1161","STYA","C","gender",6,0
"1162","STYA","C","gender",7,0
"1163","EKRM","P","age",1,0
"1164","EKRM","P","age",2,0
"1165","EKRM","P","age",3,0
"1166","EKRM","P","age",4,0
"1167","EKRM","P","age",5,1
"1168","EKRM","P","age",6,0
"1169","EKRM","P","age",7,0
"1170","EKRM","P","gender",1,0
"1171","EKRM","P","gender",2,0
"1172","EKRM","P","gender",3,0
"1173","EKRM","P","gender",4,0
"1174","EKRM","P","gender",5,1
"1175","EKRM","P","gender",6,0
"1176","EKRM","P","gender",7,0
"1177","NIVH","C","age",1,0
"1178","NIVH","C","age",2,0
"1179","NIVH","C","age",3,0
"1180","NIVH","C","age",4,1
"1181","NIVH","C","age",5,0
"1182","NIVH","C","age",6,0
"1183","NIVH","C","age",7,0
"1184","NIVH","C","gender",1,0
"1185","NIVH","C","gender",2,0
"1186","NIVH","C","gender",3,0
"1187","NIVH","C","gender",4,0
"1188","NIVH","C","gender",5,1
"1189","NIVH","C","gender",6,0
"1190","NIVH","C","gender",7,0
"1191","KCUJ","P","age",1,0
"1192","KCUJ","P","age",2,0
"1193","KCUJ","P","age",3,0
"1194","KCUJ","P","age",4,0
"1195","KCUJ","P","age",5,0
"1196","KCUJ","P","age",6,1
"1197","KCUJ","P","age",7,0
"1198","KCUJ","P","gender",1,0
"1199","KCUJ","P","gender",2,1
"1200","KCUJ","P","gender",3,0
"1201","KCUJ","P","gender",4,0
"1202","KCUJ","P","gender",5,0
"1203","KCUJ","P","gender",6,0
"1204","KCUJ","P","gender",7,0
"1205","BBYJ","C","age",1,0
"1206","BBYJ","C","age",2,0
"1207","BBYJ","C","age",3,0
"1208","BBYJ","C","age",4,0
"1209","BBYJ","C","age",5,1
"1210","BBYJ","C","age",6,0
"1211","BBYJ","C","age",7,0
"1212","BBYJ","C","gender",1,0
"1213","BBYJ","C","gender",2,0
"1214","BBYJ","C","gender",3,0
"1215","BBYJ","C","gender",4,1
"1216","BBYJ","C","gender",5,0
"1217","BBYJ","C","gender",6,0
"1218","BBYJ","C","gender",7,0
"1219","UXLO","P","age",1,0
"1220","UXLO","P","age",2,1
"1221","UXLO","P","age",3,0
"1222","UXLO","P","age",4,0
"1223","UXLO","P","age",5,0
"1224","UXLO","P","age",6,0
"1225","UXLO","P","age",7,0
"1226","UXLO","P","gender",1,1
"1227","UXLO","P","gender",2,0
"1228","UXLO","P","gender",3,0
"1229","UXLO","P","gender",4,0
"1230","UXLO","P","gender",5,0
"1231","UXLO","P","gender",6,0
"1232","UXLO","P","gender",7,0
"1233","BETM","C","age",1,0
"1234","BETM","C","age",2,0
"1235","BETM","C","age",3,1
"1236","BETM","C","age",4,0
"1237","BETM","C","age",5,0
"1238","BETM","C","age",6,0
"1239","BETM","C","age",7,0
"1240","BETM","C","gender",1,0
"1241","BETM","C","gender",2,0
"1242","BETM","C","gender",3,1
"1243","BETM","C","gender",4,0
"1244","BETM","C","gender",5,0
"1245","BETM","C","gender",6,0
"1246","BETM","C","gender",7,0
"1247","RYMM","P","age",1,0
"1248","RYMM","P","age",2,0
"1249","RYMM","P","age",3,0
"1250","RYMM","P","age",4,0
"1251","RYMM","P","age",5,1
"1252","RYMM","P","age",6,0
"1253","RYMM","P","age",7,0
"1254","RYMM","P","gender",1,1
"1255","RYMM","P","gender",2,0
"1256","RYMM","P","gender",3,0
"1257","RYMM","P","gender",4,0
"1258","RYMM","P","gender",5,0
"1259","RYMM","P","gender",6,0
"1260","RYMM","P","gender",7,0
"1261","OQHZ","C","age",1,0
"1262","OQHZ","C","age",2,0
"1263","OQHZ","C","age",3,0
"1264","OQHZ","C","age",4,0
"1265","OQHZ","C","age",5,0
"1266","OQHZ","C","age",6,0
"1267","OQHZ","C","age",7,1
"1268","OQHZ","C","gender",1,0
"1269","OQHZ","C","gender",2,0
"1270","OQHZ","C","gender",3,0
"1271","OQHZ","C","gender",4,0
"1272","OQHZ","C","gender",5,0
"1273","OQHZ","C","gender",6,0
"1274","OQHZ","C","gender",7,1
"1275","QPQY","P","age",1,0
"1276","QPQY","P","age",2,0
"1277","QPQY","P","age",3,0
"1278","QPQY","P","age",4,0
"1279","QPQY","P","age",5,0
"1280","QPQY","P","age",6,1
"1281","QPQY","P","age",7,0
"1282","QPQY","P","gender",1,0
"1283","QPQY","P","gender",2,0
"1284","QPQY","P","gender",3,1
"1285","QPQY","P","gender",4,0
"1286","QPQY","P","gender",5,0
"1287","QPQY","P","gender",6,0
"1288","QPQY","P","gender",7,0
"1289","KHCI","C","age",1,0
"1290","KHCI","C","age",2,1
"1291","KHCI","C","age",3,0
"1292","KHCI","C","age",4,0
"1293","KHCI","C","age",5,0
"1294","KHCI","C","age",6,0
"1295","KHCI","C","age",7,0
"1296","KHCI","C","gender",1,0
"1297","KHCI","C","gender",2,0
"1298","KHCI","C","gender",3,0
"1299","KHCI","C","gender",4,0
"1300","KHCI","C","gender",5,0
"1301","KHCI","C","gender",6,1
"1302","KHCI","C","gender",7,0
"1303","TCSZ","P","age",1,0
"1304","TCSZ","P","age",2,0
"1305","TCSZ","P","age",3,0
"1306","TCSZ","P","age",4,1
"1307","TCSZ","P","age",5,0
"1308","TCSZ","P","age",6,0
"1309","TCSZ","P","age",7,0
"1310","TCSZ","P","gender",1,0
"1311","TCSZ","P","gender",2,1
"1312","TCSZ","P","gender",3,0
"1313","TCSZ","P","gender",4,0
"1314","TCSZ","P","gender",5,0
"1315","TCSZ","P","gender",6,0
"1316","TCSZ","P","gender",7,0
"1317","FCBV","C","age",1,0
"1318","FCBV","C","age",2,0
"1319","FCBV","C","age",3,0
"1320","FCBV","C","age",4,0
"1321","FCBV","C","age",5,1
"1322","FCBV","C","age",6,0
"1323","FCBV","C","age",7,0
"1324","FCBV","C","gender",1,1
"1325","FCBV","C","gender",2,0
"1326","FCBV","C","gender",3,0
"1327","FCBV","C","gender",4,0
"1328","FCBV","C","gender",5,0
"1329","FCBV","C","gender",6,0
"1330","FCBV","C","gender",7,0
"1331","PMJH","P","age",1,0
"1332","PMJH","P","age",2,0
"1333","PMJH","P","age",3,0
"1334","PMJH","P","age",4,0
"1335","PMJH","P","age",5,0
"1336","PMJH","P","age",6,0
"1337","PMJH","P","age",7,1
"1338","PMJH","P","gender",1,0
"1339","PMJH","P","gender",2,0
"1340","PMJH","P","gender",3,0
"1341","PMJH","P","gender",4,0
"1342","PMJH","P","gender",5,1
"1343","PMJH","P","gender",6,0
"1344","PMJH","P","gender",7,0
"1345","PVCZ","C","age",1,1
"1346","PVCZ","C","age",2,0
"1347","PVCZ","C","age",3,0
"1348","PVCZ","C","age",4,0
"1349","PVCZ","C","age",5,0
"1350","PVCZ","C","age",6,0
"1351","PVCZ","C","age",7,0
"1352","PVCZ","C","gender",1,0
"1353","PVCZ","C","gender",2,0
"1354","PVCZ","C","gender",3,0
"1355","PVCZ","C","gender",4,0
"1356","PVCZ","C","gender",5,0
"1357","PVCZ","C","gender",6,1
"1358","PVCZ","C","gender",7,0
"1359","ECWN","P","age",1,1
"1360","ECWN","P","age",2,0
"1361","ECWN","P","age",3,0
"1362","ECWN","P","age",4,0
"1363","ECWN","P","age",5,0
"1364","ECWN","P","age",6,0
"1365","ECWN","P","age",7,0
"1366","ECWN","P","gender",1,0
"1367","ECWN","P","gender",2,0
"1368","ECWN","P","gender",3,0
"1369","ECWN","P","gender",4,0
"1370","ECWN","P","gender",5,0
"1371","ECWN","P","gender",6,0
"1372","ECWN","P","gender",7,1
"1373","RFSM","C","age",1,0
"1374","RFSM","C","age",2,0
"1375","RFSM","C","age",3,0
"1376","RFSM","C","age",4,0
"1377","RFSM","C","age",5,1
"1378","RFSM","C","age",6,0
"1379","RFSM","C","age",7,0
"1380","RFSM","C","gender",1,0
"1381","RFSM","C","gender",2,0
"1382","RFSM","C","gender",3,0
"1383","RFSM","C","gender",4,1
"1384","RFSM","C","gender",5,0
"1385","RFSM","C","gender",6,0
"1386","RFSM","C","gender",7,0
"1387","ZXOB","P","age",1,0
"1388","ZXOB","P","age",2,0
"1389","ZXOB","P","age",3,0
"1390","ZXOB","P","age",4,0
"1391","ZXOB","P","age",5,1
"1392","ZXOB","P","age",6,0
"1393","ZXOB","P","age",7,0
"1394","ZXOB","P","gender",1,0
"1395","ZXOB","P","gender",2,0
"1396","ZXOB","P","gender",3,1
"1397","ZXOB","P","gender",4,0
"1398","ZXOB","P","gender",5,0
"1399","ZXOB","P","gender",6,0
"1400","ZXOB","P","gender",7,0
